"year","site","prcp_mm_Apr","prcp_mm_May","prcp_mm_Jun","prcp_mm_Jul","prcp_mm_Aug","prcp_mm_Sep","prcp_mm_Oct","prcp_mm_Nov","prcp_mm_Dec","prcp_mm_Mar","tmax_deg_c_mean_Apr","tmax_deg_c_mean_May","tmax_deg_c_mean_Jun","tmax_deg_c_mean_Jul","tmax_deg_c_mean_Aug","tmax_deg_c_mean_Sep","tmax_deg_c_mean_Oct","tmax_deg_c_mean_Nov","tmax_deg_c_mean_Dec","tmax_deg_c_mean_Mar","tmin_deg_c_mean_Apr","tmin_deg_c_mean_May","tmin_deg_c_mean_Jun","tmin_deg_c_mean_Jul","tmin_deg_c_mean_Aug","tmin_deg_c_mean_Sep","tmin_deg_c_mean_Oct","tmin_deg_c_mean_Nov","tmin_deg_c_mean_Dec","tmin_deg_c_mean_Mar","srad_w_m_2_mean_Apr","srad_w_m_2_mean_May","srad_w_m_2_mean_Jun","srad_w_m_2_mean_Jul","srad_w_m_2_mean_Aug","srad_w_m_2_mean_Sep","srad_w_m_2_mean_Oct","srad_w_m_2_mean_Nov","srad_w_m_2_mean_Dec","srad_w_m_2_mean_Mar","gdd_Apr","gdd_May","gdd_Jun","gdd_Jul","gdd_Aug","gdd_Sep","gdd_Oct","gdd_Nov","gdd_Dec","gdd_Mar"
2015,"DEH1",5.98,35.32,190.6,112.49,96.7,36.78,NA,NA,NA,NA,22.075,25.6941935483871,28.0196666666667,29.8422580645161,29.5506451612903,29.2992857142857,NA,NA,NA,NA,8.58,14.1048387096774,18.7703333333333,20.3745161290323,18.6574193548387,18.8942857142857,NA,NA,NA,NA,411.18,407.452258064516,340.616666666667,369.982903225806,378.768709677419,335.943571428571,NA,NA,NA,NA,12.075,313.165,391.73,457.165,429.26,190.1,NA,NA,NA,NA
2015,"GAH1",137.85,31.89,140.91,144.17,76.84,NA,NA,NA,NA,NA,25.7483333333333,30.4516129032258,32.6356666666667,33.6458064516129,32.6874769230769,NA,NA,NA,NA,NA,15.661,16.6377419354839,21.2106666666667,22.1609677419355,22.3126615384615,NA,NA,NA,NA,NA,346.834333333333,466.083548387097,359.472666666667,379.334193548387,367.026276923077,NA,NA,NA,NA,NA,319.885,401.955,467.195,498.13,411.965,NA,NA,NA,NA,NA
2015,"IAH1",NA,127.71,204.58,193.15,257.17,122.31,0,NA,NA,NA,NA,21.04,26.1946666666667,27.5935483870968,25.8825806451613,26.288,19.4430555555556,NA,NA,NA,NA,10.37,15.3706666666667,16.7803225806452,14.9745161290323,13.955,6.78201388888889,NA,NA,NA,NA,340.976666666667,369.735333333333,374.058064516129,364.252903225806,335.545,322.916597222222,NA,NA,NA,NA,196.145,321.055,372.17,324.075,308.09,41.6525,NA,NA,NA
2015,"IAH3",0,119.22,233.5,121.65,102.44,105.68,0,NA,NA,NA,19.39,21.2745161290323,25.8833333333333,27.4164516129032,25.8638709677419,26.32,17.27,NA,NA,NA,3.12,10.1448387096774,14.879,16.4403225806452,14.2709677419355,13.5683333333333,4.19,NA,NA,NA,479.55,335.175483870968,365.32,388.906451612903,377.672258064516,340.645,344.7,NA,NA,NA,4.695,207.305,311.59,364.965,313.75,304.95,3.635,NA,NA,NA
2015,"IAH4",NA,142.61,192.03,200.73,90.02,89.3,NA,NA,NA,NA,NA,22.5870967741935,26.9003333333333,28.3183870967742,27.1851612903226,27.725,NA,NA,NA,NA,NA,10.9332258064516,15.8706666666667,17.591935483871,15.3958064516129,14.8667857142857,NA,NA,NA,NA,NA,338.220322580645,361.327,379.172258064516,388.471612903226,342.010714285714,NA,NA,NA,NA,NA,235.29,339.975,394.21,347.38,313.5,NA,NA,NA,NA
2015,"ILH1",0,147.27,242.99,92.54,80,161.46,0,NA,NA,NA,15.66,24.6267741935484,27.042,28.0167741935484,27.7303225806452,27.5446666666667,19.305,NA,NA,NA,3.86,12.7883870967742,17.0313333333333,17.4654838709677,15.6774193548387,14.3016666666667,7.245,NA,NA,NA,422.15,362.229677419355,351.448,404.175806451613,398.26064516129,338.054,325.98,NA,NA,NA,2.83,284.985,358.605,389.69,360.605,321.295,9.305,NA,NA,NA
2015,"INH1",NA,60.01,241.09,164.84,39.72,72.8,2.38,NA,NA,NA,NA,24.03,26.513,27.5477419354839,27.3967741935484,26.888,20.5555714285714,NA,NA,NA,NA,12.3344444444444,16.1676666666667,16.7070967741935,15.0654838709677,13.6393333333333,7.88028571428571,NA,NA,NA,NA,365.859444444444,346.653333333333,404.032258064516,389.605806451613,349.571333333333,303.857476190476,NA,NA,NA,NA,157.485,339.535,373.13,346.705,307.105,78.7,NA,NA,NA
2015,"KSH1",20.45,268.51,141.53,150.35,90.72,65.46,NA,NA,NA,NA,19.15125,22.3790322580645,30.1276666666667,31.4048387096774,30.0274193548387,30.2452380952381,NA,NA,NA,NA,5.96125,11.2722580645161,18.0306666666667,19.9806451612903,16.8716129032258,17.4619047619048,NA,NA,NA,NA,404.93375,345.557419354839,394.439666666667,359.484516129032,390.981290322581,345.701428571429,NA,NA,NA,NA,37.045,230.24,396.44,448.005,399.315,271.12,NA,NA,NA,NA
2015,"MNH1",NA,60.35,175.91,167.96,135.3,132.2,37.63,0.47,NA,NA,NA,20.12,25.625,27.2235483870968,25.4567741935484,25.0143333333333,16.5958064516129,15.575,NA,NA,NA,9.01307692307692,14.2653333333333,15.7758064516129,14.2458064516129,13.5073333333333,3.98774193548387,3.357,NA,NA,NA,366.362307692308,371.730666666667,378.659677419355,349.413225806452,308.504666666667,255.541290322581,210.478,NA,NA,NA,75.48,298.585,354.85,307.755,287.315,106.275,29.435,NA,NA
2015,"MOH1",NA,153.05,180.8,219.32,103.32,27.64,0,NA,NA,NA,NA,23.0171428571429,27.731,29.4877419354839,28.6409677419355,28.125,18.8031666666667,NA,NA,NA,NA,13.5478571428571,18.4413333333333,19.9535483870968,17.6845161290323,15.8936666666667,7.6995,NA,NA,NA,NA,329.848214285714,358.421333333333,375.617741935484,383.355806451613,351.584666666667,323.8165,NA,NA,NA,NA,240.745,385.235,437.71,400.74,352.62,24.85,NA,NA,NA
2015,"MOH2",NA,153.05,180.8,219.32,103.32,27.64,0,NA,NA,NA,NA,22.8707407407407,27.731,29.4877419354839,28.6409677419355,28.125,19.175,NA,NA,NA,NA,13.4644444444444,18.4413333333333,19.9535483870968,17.6845161290323,15.8936666666667,6.38,NA,NA,NA,NA,327.157777777778,358.421333333333,375.617741935484,383.355806451613,351.584666666667,364.83,NA,NA,NA,NA,229.36,385.235,437.71,400.74,352.62,9.175,NA,NA,NA
2015,"NCH1",15.4,137.95,157.17,145.58,104.66,69.05,NA,NA,NA,NA,19.5766666666667,26.7951612903226,32.511,32.3483870967742,30.8348387096774,29.436875,NA,NA,NA,NA,7.61666666666667,14.7816129032258,20.8413333333333,21.6977419354839,19.8806451612903,18.844375,NA,NA,NA,NA,358.803333333333,420.117741935484,376.317666666667,379.106129032258,374.372258064516,328.3475,NA,NA,NA,NA,14.365,334.755,454.375,488.73,455.545,220.18,NA,NA,NA,NA
2015,"NEH1",NA,NA,120.53,79.93,189.46,115.28,14.04,45.23,NA,NA,NA,NA,28.2618181818182,29.6606451612903,27.6964516129032,27.0523333333333,20.0448387096774,16.8727777777778,NA,NA,NA,NA,16.69,18.1058064516129,16.2648387096774,15.2126666666667,6.7441935483871,3.71611111111111,NA,NA,NA,NA,375.507727272727,385.38,356.897096774194,324.850666666667,288.189032258065,217.660555555556,NA,NA,NA,NA,266.765,410.29,366.855,328.54,161.33,63.16,NA,NA
2015,"NEH2",16.24,128.33,104.64,39.1,87.04,35.9,40.88,NA,NA,NA,19.64625,18.9558064516129,27.5353333333333,30.3774193548387,28.4203225806452,28.013,21.0069230769231,NA,NA,NA,3.8125,6.86096774193548,14.3063333333333,15.6164516129032,13.9077419354839,12.4136666666667,5.49346153846154,NA,NA,NA,401.71625,369.966129032258,410.604333333333,415.51935483871,390.748709677419,344.644666666667,297.313846153846,NA,NA,NA,38.585,143.915,320.77,376.66,341.215,296.335,141.44,NA,NA,NA
2015,"NEH3",NA,NA,42.06,66.42,47.38,40.79,37.66,51.1,2.87,NA,NA,NA,28.4738095238095,30.9629032258065,29.8667741935484,28.5216666666667,19.7725806451613,9.70766666666667,8.85214285714286,NA,NA,NA,14.3233333333333,15.3041935483871,13.5467741935484,11.337,4.26258064516129,-4.167,-3.98285714285714,NA,NA,NA,432.113333333333,410.61,399.37,354.633,280.610322580645,195.135666666667,203.751428571429,NA,NA,NA,231.03,371.56,343.31,284.725,151.22,50.355,9.935,NA
2015,"NEH4",NA,NA,120.53,79.93,189.46,115.28,14.04,45.23,NA,NA,NA,NA,28.2618181818182,29.6606451612903,27.6964516129032,27.0523333333333,20.0448387096774,16.8727777777778,NA,NA,NA,NA,16.69,18.1058064516129,16.2648387096774,15.2126666666667,6.7441935483871,3.71611111111111,NA,NA,NA,NA,375.507727272727,385.38,356.897096774194,324.850666666667,288.189032258065,217.660555555556,NA,NA,NA,NA,266.765,410.29,366.855,328.54,161.33,63.16,NA,NA
2015,"NYH2",NA,147.59,200.99,85.94,48.56,144.27,73.3,11.03,NA,NA,NA,23.4692,23.1316666666667,25.8725806451613,25.4274193548387,24.6263333333333,14.2225806451613,17.483985479798,NA,NA,NA,10.8,12.446,14.7022580645161,14.4277419354839,13.0323333333333,4.34838709677419,4.91620917508417,NA,NA,NA,373.366,344.353,391.103870967742,367.248064516129,322.474333333333,242.530322580645,226.060896464646,NA,NA,NA,202.805,241.63,318.94,307.32,269.175,70.615,34.3791666666667,NA,NA
2015,"NYH3",NA,33.27,200.37,87.81,48.24,143.93,74,25.02,NA,NA,NA,24.4755555555556,23.196,25.9216129032258,25.4896774193548,24.69,14.2722580645161,14.5072875816993,NA,NA,NA,11.3366666666667,12.5393333333333,14.8045161290323,14.5190322580645,13.093,4.38225806451613,3.71503267973856,NA,NA,NA,377.687777777778,344.387,390.284516129032,367.060322580645,322.184,242.927741935484,193.254836601307,NA,NA,NA,79.63,243.67,321.13,309.615,270.73,71.145,44.615,NA,NA
2015,"OHH1",NA,25.56,308.99,171.88,63.12,52.28,7.88,NA,NA,NA,NA,25.5718181818182,25.9196666666667,27.0909677419355,26.3951612903226,26.3243333333333,19.97,NA,NA,NA,NA,13.12,16.1676666666667,16.6141935483871,14.7735483870968,13.205,6.99235294117647,NA,NA,NA,NA,392.860909090909,324.394666666667,391.414516129032,388.500967741935,356.051,307.03,NA,NA,NA,NA,107.855,329.355,364.785,328.115,293.98,87.11,NA,NA,NA
2015,"SDH1",NA,20.48,102.12,37.74,45.06,26.5,45.71,NA,NA,NA,NA,18.394,25.5826666666667,29.2309677419355,28.9751612903226,26.961,18.2510714285714,NA,NA,NA,NA,7.709,13.4623333333333,14.6583870967742,13.5632258064516,10.3793333333333,4.4675,NA,NA,NA,NA,381.743,399.228,430.339032258064,385.160322580645,350.552,251.342142857143,NA,NA,NA,NA,42.8,282.535,353.9,332.765,261.485,115.92,NA,NA,NA
2015,"TXH1",152.71,322.88,118.22,8.42,NA,NA,NA,NA,NA,132.81,26.6446666666667,28.77,32.8476666666667,34.8235185185185,NA,NA,NA,NA,NA,22.2548,15.6986666666667,18.941935483871,22.155,23.4281150793651,NA,NA,NA,NA,NA,10.6436,371.944,341.640967741935,391.861333333333,418.478637566138,NA,NA,NA,NA,NA,365.8276,334.23,424.42,481.07,459.6375,NA,NA,NA,NA,NA,178.41
2015,"WIH1",NA,NA,124.28,106.88,148.72,161.62,29.61,NA,NA,NA,NA,NA,24.9144444444444,26.4793548387097,25.4670967741935,24.9086666666667,17.4411538461538,NA,NA,NA,NA,NA,13.7455555555556,14.79,14.5229032258065,13.0373333333333,4.94307692307692,NA,NA,NA,NA,NA,356.309259259259,401.915806451613,355.533225806452,334.234666666667,278.018076923077,NA,NA,NA,NA,NA,251.95,329.415,306.305,277.695,97.115,NA,NA,NA
2015,"WIH2",NA,94.46,98.69,101.14,105.33,142.36,0,NA,NA,NA,NA,21.8033333333333,24.846,26.6961290322581,25.6332258064516,25.0736666666667,17.7807142857143,NA,NA,NA,NA,9.33333333333333,12.5563333333333,14.1916129032258,14.1309677419355,12.5633333333333,5.99357142857143,NA,NA,NA,NA,349.893333333333,387.021,399.456129032258,352.186774193548,331.936333333333,282.489285714286,NA,NA,NA,NA,84.18,268.34,324.66,302.25,274.415,54.565,NA,NA,NA
2016,"ARH1",187.17,104.7,49.69,92.91,86.58,NA,NA,NA,NA,NA,23.2458333333333,25.9993548387097,32.2063333333333,33.038064516129,31.8193333333333,NA,NA,NA,NA,NA,12.86875,15.0596774193548,21.7863333333333,23.2645161290323,22.9886666666667,NA,NA,NA,NA,NA,347.366666666667,401.93,388.837,361.093225806452,335.515666666667,NA,NA,NA,NA,NA,198.84,325.15,473.65,515.6,485.61,NA,NA,NA,NA,NA
2016,"ARH2",103.5,227.59,38.8,78.8,178.24,63.06,42.71,1.31,NA,NA,25.525,25.121935483871,31.68,32.7558064516129,31.33,30.728,26.4858064516129,23.9044444444444,NA,NA,13.82375,13.9677419354839,21.1133333333333,22.848064516129,22.2206451612903,17.886,12.6512903225806,10.7788888888889,NA,NA,363.6225,399.057741935484,383.175333333333,361.017096774194,332.451612903226,380.423333333333,305.398387096774,268.563333333333,NA,NA,77.395,297.735,460.04,508.945,486.145,404.12,303.455,70.91,NA,NA
2016,"DEH1",18.33,160.74,85.63,199.65,86.85,14.74,NA,NA,NA,NA,18.155,21.1870967741935,27.7293333333333,31.3329032258065,31.461935483871,29.26,NA,NA,NA,NA,9.60333333333333,11.7054838709677,17.1206666666667,21.6509677419355,20.7961290322581,19.3542857142857,NA,NA,NA,NA,266.228333333333,355.783870967742,388.497,358.951935483871,369.141935483871,329.172857142857,NA,NA,NA,NA,26.7,208.51,367.955,481.535,471.845,193.41,NA,NA,NA,NA
2016,"GAH1",40.61,75.77,164.3,59.39,58.03,NA,NA,NA,NA,NA,26.0373684210526,29.1374193548387,32.7723333333333,34.6135483870968,33.3275296442688,NA,NA,NA,NA,NA,13.3121052631579,15.9183870967742,20.9126666666667,22.3832258064516,22.6034683794466,NA,NA,NA,NA,NA,416.971052631579,422.310967741935,383.628,396.905483870968,349.752134387352,NA,NA,NA,NA,NA,185.605,379.47,460.175,501.94,366.1325,NA,NA,NA,NA,NA
2016,"GAH2",NA,0,113.34,47.86,150.33,16.22,0,NA,NA,NA,NA,31.0614285714286,33.508,34.9793548387097,33.3364516129032,32.3176666666667,28.6516964285714,NA,NA,NA,NA,16.3828571428571,19.8573333333333,21.9035483870968,21.9267741935484,18.209,12.6316547619048,NA,NA,NA,NA,467.21,406.353666666667,390.646774193548,348.463225806452,387.627,379.184773809524,NA,NA,NA,NA,90.905,444.97,494.505,494.865,418.59,79.9025,NA,NA,NA
2016,"IAH1",44.33,106.38,102.73,158.27,243.45,52.9,0,NA,NA,NA,17.5333333333333,22.4674193548387,30.142,28.4077419354839,28.6048387096774,26.837,18.68,NA,NA,NA,8.06666666666667,9.83483870967742,16.4036666666667,17.9138709677419,18.1877419354839,14.6436666666667,11.36,NA,NA,NA,298.912222222222,408.175483870968,404.957333333333,345.339032258064,340.004516129032,351.282666666667,225.8,NA,NA,NA,35.565,223.35,378.87,400.79,409.975,319.99,5.02,NA,NA,NA
2016,"IAH2",73.39,118.65,70.8,149.51,116.47,146.94,49.2,NA,NA,NA,12.9666666666667,21.6777419354839,29.9783333333333,28.0690322580645,27.3016129032258,25.1353333333333,20.6736363636364,NA,NA,NA,6.565,8.79870967741935,16.64,17.0809677419355,16.4593548387097,13.0403333333333,7.46272727272727,NA,NA,NA,193.488333333333,397.467741935484,407.224666666667,352.850967741936,368.330967741935,328.670333333333,307.493636363636,NA,NA,NA,11.31,204.2,380.805,382.965,365.345,277.73,60.49,NA,NA,NA
2016,"IAH3",34.03,79.38,142.23,104.5,182.96,186.31,4.96,NA,NA,NA,15.5814285714286,21.9196774193548,29.0573333333333,27.7906451612903,27.7358064516129,25.4403333333333,22.0716666666667,NA,NA,NA,7.60571428571429,8.50645161290323,15.599,17.2187096774194,16.6848387096774,13.5246666666667,11.3566666666667,NA,NA,NA,249.657142857143,414.914838709677,387.205666666667,352.435806451613,356.850967741936,322.474666666667,264.096666666667,NA,NA,NA,21.055,208.935,359.575,382.485,374.995,286.79,41.38,NA,NA,NA
2016,"IAH4",57.27,101.27,34.96,175.12,203.75,230.36,14.03,NA,NA,NA,12.604,21.9061290322581,29.7536666666667,28.2374193548387,27.791935483871,25.6993333333333,20.8558823529412,NA,NA,NA,6.44,8.98741935483871,16.4323333333333,17.4345161290323,17.1583870967742,13.805,7.99411764705882,NA,NA,NA,180.82,396.261935483871,403.004333333333,350.074193548387,351.780322580645,323.325,290.957058823529,NA,NA,NA,7.315,210.05,377.305,389.76,382.21,293.895,101.32,NA,NA,NA
2016,"ILH1",44.65,90.29,156.18,114.57,107.51,147.8,0.58,NA,NA,NA,18.67,23.0485918114144,29.4876666666667,28.5903225806452,29.0009677419355,27.4886666666667,24.2233333333333,NA,NA,NA,9.762,10.6998697270471,17.0846666666667,18.6693548387097,18.8851612903226,15.4566666666667,11.6666666666667,NA,NA,NA,281.328,390.177444168734,384.648666666667,350.922580645161,361.967096774194,333.683666666667,319.57,NA,NA,NA,22.72,215.545,383.69,416.315,425.99,334.4,76.41,NA,NA,NA
2016,"INH1",NA,11.35,142.03,107.43,138.14,85.17,3.28,NA,NA,NA,NA,27.3315384615385,28.5173333333333,28.0906451612903,28.9577419354839,26.8163333333333,22.7905,NA,NA,NA,NA,13.3192307692308,16.0743333333333,17.6645161290323,18.5006451612903,14.7813333333333,12.67,NA,NA,NA,NA,457.747692307692,380.427666666667,365.311612903226,348.716129032258,333.235,273.221,NA,NA,NA,NA,137.92,358.83,395.445,419.115,318.815,42.7375,NA,NA,NA
2016,"KSH1",180.86,150.86,24.8,166.92,196.29,143.95,NA,NA,NA,NA,21.61,23.8416129032258,33.133,32.3570967741936,30.5045161290323,29.0885185185185,NA,NA,NA,NA,10.75625,11.0264516129032,19.5446666666667,21.1925806451613,19.5664516129032,16.7388888888889,NA,NA,NA,NA,309.16375,391.992580645161,409.561333333333,348.320322580645,349.912580645161,341.602962962963,NA,NA,NA,NA,106.185,249.04,439.355,474.14,440.305,336.415,NA,NA,NA,NA
2016,"MIH1",NA,1.86,34.5,95.76,197.34,131.1,92.38,9.07,NA,NA,NA,28.95125,26.943,28.7983870967742,28.7148387096774,24.4666666666667,17.6674193548387,15.799375,NA,NA,NA,14.2625,13.0813333333333,16.4032258064516,16.7535483870968,12.7666666666667,6.45096774193548,2.94375,NA,NA,NA,454.39375,410.36,363.702903225806,356.234516129032,309.082,248.094516129032,226.2825,NA,NA,NA,94.505,300.565,382.59,386.725,258.715,133.585,47.13,NA,NA
2016,"MNH1",NA,51.66,117.94,218.13,266.65,329.94,41.63,NA,NA,NA,NA,24.5986666666667,27.245,27.6225806451613,27.0025806451613,23.7913333333333,18.903104288499,NA,NA,NA,NA,12.1353333333333,15.1713333333333,17.1612903225806,16.3009677419355,13.018,5.91730214424951,NA,NA,NA,NA,388.417333333333,382.488333333333,335.493870967742,347.731935483871,292.212,279.892056530214,NA,NA,NA,NA,133.05,329.155,378.79,359.685,259.06,86.905,NA,NA,NA
2016,"MOH1",NA,41.46,28.93,277.13,110.62,168.5,13.6866666666667,NA,NA,NA,NA,27.84,31.2153333333333,30.4064516129032,29.3983870967742,27.711,22.9580476190476,NA,NA,NA,NA,16.2444444444444,19.1973333333333,20.4258064516129,19.8116129032258,16.3346666666667,14.0580476190476,NA,NA,NA,NA,382.765555555556,412.736333333333,353.048064516129,348.835806451613,351.158,241.657595238095,NA,NA,NA,NA,108.085,424.585,454.33,439.68,352.845,45.4566666666667,NA,NA,NA
2016,"NCH1",38.17,150.31,118.7,168.22,150.35,153.28,NA,NA,NA,NA,25.335,25.9045161290323,31.0033333333333,33.5296774193548,32.66,30.3269230769231,NA,NA,NA,NA,10.7525,14.8758064516129,19.501,22.6067741935484,22.101935483871,19.8184615384615,NA,NA,NA,NA,411.60625,362.476774193548,390.12,355.026451612903,353.939677419355,337.607692307692,NA,NA,NA,NA,141.6,321.93,436.335,505.405,497.475,186.125,NA,NA,NA,NA
2016,"NYH2",NA,30.87,28.67,55.32,115.82,75.59,194.64,50.2566666666667,19.3,NA,NA,22.4327272727273,25.234,28.6170967741935,28.518064516129,24.4643333333333,15.6658064516129,12.2557037037037,4.445,NA,NA,7.82545454545455,11.7066666666667,15.5648387096774,16.9770967741935,11.217,6.34903225806452,1.07088888888889,-0.14375,NA,NA,449.268181818182,414.069666666667,389.668387096774,350.001612903226,328.950666666667,204.613548387097,209.371407407407,98.28875,NA,NA,152.405,262.98,367.42,389.18,250.225,105.045,30.7333333333333,0,NA
2016,"OHH1",NA,8.88,73.89,124.41,165.52,145.5,8.99,NA,NA,NA,NA,29.534,28.238,29.0329032258065,29.3487096774194,26.6736666666667,22.0833333333333,NA,NA,NA,NA,16.932,15.9466666666667,18.1251612903226,18.7061290322581,14.1056666666667,8.49066666666667,NA,NA,NA,NA,421.962,403.724333333333,356.548064516129,348.065806451613,344.697333333333,324.353333333333,NA,NA,NA,NA,65.84,357.61,413.47,426.135,309.21,94.925,NA,NA,NA
2016,"TXH1",177.2,385.12,61.15,14.17,0,NA,NA,NA,NA,127.45,26.7066666666667,28.4990322580645,33.5036666666667,36.2470967741936,37.134,NA,NA,NA,NA,24.4107142857143,13.429,17.671935483871,22.314,24.1429032258065,23.726,NA,NA,NA,NA,10.6475,381.492333333333,369.714193548387,406.613,398.753870967742,424.278,NA,NA,NA,NA,378.426785714286,310.47,397.195,482.35,529.215,84.315,NA,NA,NA,NA,233.645
2016,"WIH1",NA,90.02,128.05,214.8,152.28,147.73,29.62,NA,NA,NA,NA,21.8560869565217,26.497,27.5448387096774,27.2141935483871,23.6063333333333,18.9142857142857,NA,NA,NA,NA,9.03304347826087,14.1793333333333,16.571935483871,16.7490322580645,13.163,7.58714285714286,NA,NA,NA,NA,378.302173913043,382.266666666667,365.779032258064,343.531935483871,292.686,275.479285714286,NA,NA,NA,NA,159.705,308.29,369.61,370.795,253.385,67.625,NA,NA,NA
2016,"WIH2",NA,54.36,115.6,145.68,163.77,194.5,73.75,NA,NA,NA,NA,27.56125,26.7476666666667,27.8409677419355,27.3470967741935,23.654,18.2036,NA,NA,NA,NA,15.02125,13.7893333333333,16.3096774193548,15.93,12.3403333333333,6.6288,NA,NA,NA,NA,336.96875,381.748,359.343548387097,342.526129032258,288.524666666667,255.88,NA,NA,NA,NA,90.33,305.725,368.81,359.21,243.285,113.635,NA,NA,NA
2017,"ARH1",139.11,189.56,195.67,116.39,279.67,8.58,NA,NA,NA,NA,24.9242857142857,26.7716129032258,30.0073333333333,32.5454838709677,30.1416129032258,27.26,NA,NA,NA,NA,13.9935714285714,15.3687096774194,20.1303333333333,22.3538709677419,21.1654838709677,15.63,NA,NA,NA,NA,362.202142857143,395.20064516129,371.464333333333,386.132903225806,341.698709677419,425.717272727273,NA,NA,NA,NA,133.27,342.895,441.19,500.495,469.23,125.425,NA,NA,NA,NA
2017,"ARH2",110.43,135.92,93.42,118.99,180.28,26.92,NA,NA,NA,NA,25.6683333333333,26.4577419354839,30.5163333333333,32.4622580645161,29.7696774193548,26.750625,NA,NA,NA,NA,12.8033333333333,14.7061290322581,19.7833333333333,22.3712903225806,20.0283870967742,15.268125,NA,NA,NA,NA,395.368333333333,400.093548387097,379.930333333333,375.244838709677,358.96,394.43,NA,NA,NA,NA,55.415,329.025,438.075,499.395,450.98,174.39,NA,NA,NA,NA
2017,"COH1",NA,0,1.92,25.36,71.64,53.82,33.18,12.41,NA,NA,NA,26.73,28.1026666666667,31.9825806451613,28.0403225806452,24.479,17.3948387096774,12.9863138528139,NA,NA,NA,7.08,11.0693333333333,14.6225806451613,12.3612903225806,9.04033333333333,0.482258064516129,-2.33113059163059,NA,NA,NA,539.19,474.735333333333,439.464193548387,414.090322580645,350.530666666667,323.276129032258,233.427687590188,NA,NA,NA,8.365,280.055,375.55,306.6,224.645,122.565,44.845,NA,NA
2017,"DEH1",0,154.76,62.33,183.81,179.56,36.76,NA,NA,NA,NA,29.03,22.3241935483871,28.6643333333333,30.7922580645161,28.4648387096774,25.3082142857143,NA,NA,NA,NA,18.0533333333333,12.3967741935484,17.7043333333333,21.3254838709677,19.0341935483871,16.2010714285714,NA,NA,NA,NA,401.04,364.036774193548,405.837333333333,353.342903225806,360.343870967742,333.951160714286,NA,NA,NA,NA,39.89,234.37,387.325,474.115,421.32,80.5825,NA,NA,NA,NA
2017,"GAH1",63.91,132.33,181.67,158.93,89.02,4.77,NA,NA,NA,NA,27.6407407407407,29.2812903225806,30.1686666666667,32.8487096774194,32.7235483870968,31.1411904761905,NA,NA,NA,NA,13.2140740740741,16.2141935483871,20.6753333333333,22.368064516129,22.0035483870968,20.2420238095238,NA,NA,NA,NA,420.236666666667,399.624838709677,341.254666666667,369.139032258065,384.251290322581,386.672857142857,NA,NA,NA,NA,286.535,381,448.48,501.085,496.015,97.6675,NA,NA,NA,NA
2017,"GAH2",NA,131.54,298.83,80.52,183.1,13.12,NA,NA,NA,NA,NA,27.8703333333333,29.8396666666667,32.8383870967742,30.8141935483871,28.6925,NA,NA,NA,NA,NA,14.9543333333333,18.9323333333333,21.1741935483871,20.5667741935484,14.86,NA,NA,NA,NA,NA,393.923333333333,369.015666666667,398.622580645161,354.183225806452,452.11,NA,NA,NA,NA,NA,336.235,421.76,483.2,462.015,93.05,NA,NA,NA,NA
2017,"IAH1",62.69,83.55,65.41,119.81,51.37,91.4,118.59,NA,NA,NA,12.66,21.7961290322581,29.269,30.7638709677419,26.9651612903226,27.2366666666667,20.51,NA,NA,NA,5.19166666666667,9.31129032258064,15.2123333333333,17.5412903225806,14.1293548387097,11.9743333333333,9.09538461538462,NA,NA,NA,243.353333333333,410.857096774194,393.915,378.891935483871,380.356774193548,362.338,235.680769230769,NA,NA,NA,9.565,200.565,355.395,416.68,326.18,290.135,152.8,NA,NA,NA
2017,"IAH2",NA,118.87,45.57,89.46,128.9,73.71,141.43,NA,NA,NA,NA,22.5107692307692,28.996,30.401935483871,25.9945161290323,26.0626666666667,16.8787096774194,NA,NA,NA,NA,9.33807692307692,14.8743333333333,17.7696774193548,13.9232258064516,12.5183333333333,5.63290322580645,NA,NA,NA,NA,386.380769230769,406.002333333333,377.606774193548,360.619677419355,337.297333333333,239.006129032258,NA,NA,NA,NA,176.96,349.275,418.235,308.8,282.155,127.775,NA,NA,NA
2017,"IAH3",45.53,92.72,67.48,67.45,67.21,22.22,100.61,NA,NA,NA,10.7833333333333,20.9667741935484,28.447,29.3335483870968,25.6170967741935,26.483,20.2405,NA,NA,NA,3.655,8.03903225806452,14.3616666666667,16.6661290322581,13.0283870967742,11.3093333333333,8.435,NA,NA,NA,220.205,400.493548387097,401.121666666667,382.998709677419,376.537096774194,363.606333333333,240.6135,NA,NA,NA,7.745,182.65,335.97,393.96,290.22,275.88,110.11,NA,NA,NA
2017,"IAH4",NA,125.52,79.13,58.75,98.16,54.05,144.58,NA,NA,NA,NA,22.826,29.0103333333333,30.38,26.4145161290323,26.8586666666667,19.5789658748115,NA,NA,NA,NA,9.9452,15.0343333333333,17.9732258064516,14.0309677419355,12.696,9.28116704374057,NA,NA,NA,NA,389.1856,391.086,386.997419354839,360.076129032258,353.464,219.509383484163,NA,NA,NA,NA,176.255,351.46,421.275,317.18,294.75,81.0516666666667,NA,NA,NA
2017,"MIH1",NA,14.16,65.68,73.82,63.55,28.66,159.24,NA,NA,NA,NA,21.811,27.044,27.9929032258065,25.6838709677419,25.429,21.1225,NA,NA,NA,NA,11.355,14.1773333333333,15.8454838709677,13.4045161290323,10.8273333333333,8.881,NA,NA,NA,NA,376.4,394.779,400.646129032258,353.45,357.626333333333,231.879,NA,NA,NA,NA,66.72,315.875,367.515,299.61,258.58,119.34,NA,NA,NA
2017,"MOH1",NA,83.96,96.17,68.87,68.29,35.53,80.06,NA,NA,NA,NA,25.1076470588235,29.169,31.5496774193548,28.0129032258065,28.4413333333333,23.5936842105263,NA,NA,NA,NA,13.2788235294118,17.1266666666667,20.391935483871,16.7358064516129,14.7723333333333,12.7915789473684,NA,NA,NA,NA,411.156470588235,401.710666666667,383.188064516129,394.871612903226,370.593666666667,253.993684210526,NA,NA,NA,NA,158.34,383.955,461.85,378.785,337.065,162.81,NA,NA,NA
2017,"NCH1",NA,96.87,110.98,65.76,94.84,137.93,NA,NA,NA,NA,NA,27.4063333333333,30.2113333333333,32.4487096774194,30.6061290322581,27.8415,NA,NA,NA,NA,NA,15.8536666666667,19.337,22.1454838709677,21.0258064516129,17.724,NA,NA,NA,NA,NA,394.192,390.628,374.250322580645,342.28935483871,352.826,NA,NA,NA,NA,NA,344.325,427.995,495.45,470.05,254.115,NA,NA,NA,NA
2017,"NEH3",NA,73.62,94.81,70.59,106.08,111.42,119.58,0.67,NA,NA,NA,23.4934375,30.2486666666667,31.3438709677419,27.27,27.131,18.4232258064516,8.13916666666667,NA,NA,NA,10.380625,16.4503333333333,19.4870967741935,15.3416129032258,13.5936666666667,6.17225806451613,-2.74,NA,NA,NA,415.9484375,406.349,364.546774193548,378.701290322581,340.674666666667,252.234193548387,225.283333333333,NA,NA,NA,85.3175,379.395,447.755,350.165,305.485,152.305,2.635,NA,NA
2017,"NEH4",NA,142.13,94.81,70.59,106.08,111.42,119.58,0.67,NA,NA,NA,22.140625,30.2486666666667,31.3438709677419,27.27,27.131,18.4232258064516,8.1,NA,NA,NA,10.36125,16.4503333333333,19.4870967741935,15.3416129032258,13.5936666666667,6.17225806451613,-2.72,NA,NA,NA,367.853125,406.349,364.546774193548,378.701290322581,340.674666666667,252.234193548387,223.598461538462,NA,NA,NA,106.945,379.395,447.755,350.165,305.485,152.305,2.635,NA,NA
2017,"NYH1",NA,51.87,121.44,162.9,51.66,77.94,171.07,70.69,NA,NA,NA,20.4033333333333,24.096,25.7306451612903,25.0683870967742,23.0563333333333,18.7670967741935,7.35818181818182,NA,NA,NA,10.4583333333333,12.6943333333333,15.6106451612903,13.1632258064516,10.9486666666667,7.71741935483871,-1.09863636363636,NA,NA,NA,336.559166666667,389.388,353.052903225806,397.806129032258,315.359333333333,230.46064516129,172.588636363636,NA,NA,NA,69.64,258.54,330.84,287.085,227.095,153.015,9.99,NA,NA
2017,"NYH2",NA,62.74,121.44,162.9,51.66,77.94,171.07,70.69,NA,NA,NA,21.3185714285714,24.096,25.7306451612903,25.0683870967742,23.0563333333333,18.7670967741935,7.19083333333333,NA,NA,NA,11.1542857142857,12.6943333333333,15.6106451612903,13.1632258064516,10.9486666666667,7.71741935483871,-1.23166666666667,NA,NA,NA,337.084285714286,389.388,353.052903225806,397.806129032258,315.359333333333,230.46064516129,173.0525,NA,NA,NA,91.355,258.54,330.84,287.085,227.095,153.015,9.99,NA,NA
2017,"NYH3",NA,62.74,121.44,162.9,51.66,77.94,171.07,70.69,NA,NA,NA,21.3185714285714,24.096,25.7306451612903,25.0683870967742,23.0563333333333,18.7670967741935,7.19083333333333,NA,NA,NA,11.1542857142857,12.6943333333333,15.6106451612903,13.1632258064516,10.9486666666667,7.71741935483871,-1.23166666666667,NA,NA,NA,337.084285714286,389.388,353.052903225806,397.806129032258,315.359333333333,230.46064516129,173.0525,NA,NA,NA,91.355,258.54,330.84,287.085,227.095,153.015,9.99,NA,NA
2017,"OHH1",NA,135.59,120.77,223.6,87.03,88.66,103.27,NA,NA,NA,NA,25.085,26.8966666666667,28.108064516129,26.4593548387097,24.5613333333333,22.737,NA,NA,NA,NA,13.216875,14.84,17.258064516129,14.8912903225806,12.379,10.171,NA,NA,NA,NA,372.493125,392.050666666667,377.706129032258,384.456774193548,351.488333333333,277.701,NA,NA,NA,NA,147.36,323.99,391.935,329.965,257.53,147.9,NA,NA,NA
2017,"TXH1",77.2166666666667,134.88,113.22,21.65,72.19,NA,NA,NA,NA,65.56,27.7931111111111,30.128064516129,32.9706666666667,36.693376344086,34.651,NA,NA,NA,NA,25.6475862068966,13.8039555555556,16.0335483870968,21.4593333333333,23.5369075268817,22.462,NA,NA,NA,NA,12.8637931034483,415.935155555556,408.363225806452,382.888666666667,422.135655913978,348.528,NA,NA,NA,NA,371.050344827586,307.543333333333,391.005,471.5,486.281666666667,161.085,NA,NA,NA,NA,283.555
2017,"WIH1",NA,82.43,180.53,273.95,64.99,15.55,81.32,NA,NA,NA,NA,19.7962962962963,26.3746666666667,27.2516129032258,24.5393548387097,24.64,19.4452631578947,NA,NA,NA,NA,7.88777777777778,14.1176666666667,15.7777419354839,13.2835483870968,11.2083333333333,8.52421052631579,NA,NA,NA,NA,369.075555555556,380.766,385.858709677419,380.426451612903,356.633666666667,231.572105263158,NA,NA,NA,NA,137.17,306.755,356.64,277.955,249.56,95.255,NA,NA,NA
2017,"WIH2",NA,52.89,178.96,136.77,57.96,19.61,97.23,12.25,NA,NA,NA,20.79,26.2906666666667,27.2235483870968,24.6767741935484,24.6726666666667,16.3348387096774,7.09333333333333,NA,NA,NA,8.89857142857143,13.7953333333333,15.0745161290323,12.6677419354839,10.5233333333333,5.65032258064516,-1.30166666666667,NA,NA,NA,374.35,364.815,390.28,373.992258064516,352.006,212.49,182.735,NA,NA,NA,118.265,301.91,344.535,272.33,246.125,116.935,0,NA,NA
2018,"ARH1",17.7,65.27,81.18,54.14,121.59,0,NA,NA,NA,NA,23.215,31.0912903225806,32.9823333333333,33.1161290322581,31.7938709677419,32.25,NA,NA,NA,NA,10.2033333333333,19.3974193548387,21.584,22.7929032258065,21.3029032258065,21.62,NA,NA,NA,NA,423.073333333333,385.983870967742,389.976,378.790322580645,373.317741935484,385.4,NA,NA,NA,NA,40.75,449.155,473.285,506.27,481.435,15.81,NA,NA,NA,NA
2018,"ARH2",74.08,169.53,99.47,39.77,136.19,136.28,NA,NA,NA,NA,20.3483333333333,30.6961290322581,32.8523333333333,33.0732258064516,31.6077419354839,30.5104347826087,NA,NA,NA,NA,8.5775,19.2358064516129,21.8243333333333,22.7138709677419,21.0829032258065,20.3530434782609,NA,NA,NA,NA,377.130833333333,370.82935483871,381.445,379.367096774194,368.092258064516,325.426956521739,NA,NA,NA,NA,65.295,442.865,477.215,505.39,477.095,329.35,NA,NA,NA,NA
2018,"DEH1",NA,254.04,136.38,137.7,98.08,149.16,NA,NA,NA,NA,NA,25.6343333333333,27.9533333333333,30.2916129032258,31.0270967741935,28.8635,NA,NA,NA,NA,NA,15.4883333333333,18.2986666666667,20.3612903225806,21.5329032258065,21.656,NA,NA,NA,NA,NA,350.573666666667,387.803666666667,353.65,355.742580645161,247.374,NA,NA,NA,NA,NA,316.32,385.845,456.22,482.43,297.315,NA,NA,NA,NA
2018,"GAH1",75.17,179.53,176.2,159.56,152.89,NA,NA,NA,NA,NA,24.2753571428571,30.1112903225806,32.8003333333333,32.2783870967742,32.2932701149425,NA,NA,NA,NA,NA,9.95464285714286,18.0267741935484,21.3233333333333,22.1558064516129,21.7373275862069,NA,NA,NA,NA,NA,427.810357142857,354.470967741936,401.123333333333,346.361935483871,366.56917816092,NA,NA,NA,NA,NA,213.765,425.32,469.85,497.64,466.6325,NA,NA,NA,NA,NA
2018,"GAH2",NA,155.8,107.43,128.6,83.01,1.565,NA,NA,NA,NA,NA,29.288064516129,32.4696666666667,32.08,31.9658064516129,33.7668181818182,NA,NA,NA,NA,NA,16.8645161290323,19.9453333333333,21.0341935483871,20.3741935483871,20.624696969697,NA,NA,NA,NA,NA,353.888387096774,417.326666666667,362.182580645161,394.520322580645,395.622234848485,NA,NA,NA,NA,NA,398.105,446.48,480.41,466.96,176.09,NA,NA,NA,NA
2018,"IAH1",NA,86.95,142.4,52.92,179.54,163.48,134.62,NA,NA,NA,NA,27.2804166666667,29.2396666666667,29.3351612903226,29.3390322580645,25.187,16.9105555555556,NA,NA,NA,NA,14.4233333333333,17.77,17.0606451612903,17.1693548387097,13.5036666666667,6.75444444444444,NA,NA,NA,NA,357.03375,349.726,409.50064516129,358.933548387097,311.188333333333,234.628888888889,NA,NA,NA,NA,252.375,389.35,396.64,398.865,286.995,75.565,NA,NA,NA
2018,"IAH2",12.18,90.05,297.01,20.34,217.24,172.37,101.16,NA,NA,NA,25.525,25.7809677419355,28.2746666666667,28.5351612903226,27.5222580645161,24.159,14.2830434782609,NA,NA,NA,3.46,12.858064516129,17.5026666666667,16.9035483870968,15.8641935483871,13.1556666666667,3.23086956521739,NA,NA,NA,472.515,376.527741935484,322.203,422.402258064516,349.23064516129,303.128,243.036956521739,NA,NA,NA,15.525,278.265,374.415,387.04,359.165,269.24,56.515,NA,NA,NA
2018,"IAH3",0,129.86,164.42,60.91,238.78,232.56,98.44,NA,NA,NA,28.35,26.0912903225806,28.3356666666667,28.3248387096774,27.7629032258065,24.0303333333333,15.3666666666667,NA,NA,NA,4.12,12.9677419354839,16.9656666666667,16.2193548387097,16.1354838709677,12.721,6.48333333333333,NA,NA,NA,550.33,363.098064516129,346.945666666667,408.533870967742,343.374193548387,306.047,218.834666666667,NA,NA,NA,9.175,290.29,367.78,372.595,367.565,263.095,49.52,NA,NA,NA
2018,"IAH4",NA,35.32,371.7,86.72,205.04,190.16,106.98,NA,NA,NA,NA,29.3011764705882,28.586,28.9438709677419,28.0196774193548,24.1986666666667,14.7073076923077,NA,NA,NA,NA,15.5864705882353,17.46,17.1496774193548,16.4767741935484,13.375,3.56692307692308,NA,NA,NA,NA,391.710588235294,331.450666666667,411.450967741935,337.455161290323,305.500666666667,253.495769230769,NA,NA,NA,NA,198.12,377.73,395.385,375.925,271.945,66.945,NA,NA,NA
2018,"ILH1",NA,87.2,204.73,100.13,104.89,106.63,NA,NA,NA,NA,NA,29.2516666666667,29.1506666666667,28.5412903225806,28.9838709677419,28.92875,NA,NA,NA,NA,NA,16.305,18.0653333333333,17.8590322580645,18.0448387096774,16.38125,NA,NA,NA,NA,NA,374.7475,353.852333333333,388.818064516129,375.087096774194,351.904166666667,NA,NA,NA,NA,NA,297.61,396.605,401.085,412.045,286.705,NA,NA,NA,NA
2018,"INH1",NA,98.1,157.34,69.07,125.32,61.41,NA,NA,NA,NA,NA,27.8828,28.115,28.1858064516129,28.5125806451613,28.3794736842105,NA,NA,NA,NA,NA,14.6356,17.2546666666667,16.8787096774194,17.541935483871,16.3957894736842,NA,NA,NA,NA,NA,382.0728,350.802666666667,393.401290322581,353.65064516129,352.681052631579,NA,NA,NA,NA,NA,273.87,372.19,382.14,398.44,224.885,NA,NA,NA,NA
2018,"KSH1",NA,68.6,120.22,131.15,54.4,64.18,12.46,NA,NA,NA,NA,30.552,33.8893333333333,33.3361290322581,31.651935483871,27.4796666666667,25.1083333333333,NA,NA,NA,NA,13.8468,17.2956666666667,18.3787096774194,16.6241935483871,14.2663333333333,9.095,NA,NA,NA,NA,446.602,426.679666666667,388.89064516129,400.896774193548,342.628666666667,334.736666666667,NA,NA,NA,NA,285.365,406.455,435.695,399.89,323.51,42.455,NA,NA,NA
2018,"MIH1",NA,16.25,62.33,22.79,87.55,133.86,102.34,34.9,NA,NA,NA,31.745,25.657,28.7570967741935,27.97,23.769,14.5641935483871,4.59944444444444,NA,NA,NA,18.945,14.567,16.0216129032258,16.6587096774194,12.7953333333333,4.45225806451613,-0.775555555555556,NA,NA,NA,373.97,356.952666666667,401.422580645161,350.690322580645,312.936333333333,241.985161290323,140.666111111111,NA,NA,NA,57.89,298.55,372.74,377.19,259.82,88.57,1.635,NA,NA
2018,"MNH1",NA,36.13,183.09,100.69,119.08,240.43,82.83,23.7716666666667,NA,NA,NA,32.41625,26.366,27.381935483871,26.5306451612903,22.6193333333333,11.8035483870968,3.00496845746846,NA,NA,NA,18.00125,16.957,16.4293548387097,15.7403225806452,12.5553333333333,1.47806451612903,-3.30407381969882,NA,NA,NA,359.15375,300.086333333333,396.882258064516,336.691290322581,294.546666666667,230.800322580645,137.563330535206,NA,NA,NA,109.105,342.195,364.98,343.78,244.695,43.435,1.045,NA,NA
2018,"MOH1",NA,53.44,123.6,40.86,115.38,15.2066666666667,NA,NA,NA,NA,NA,28.962,31.346,31.5587096774194,31.2787096774194,28.8311175213675,NA,NA,NA,NA,NA,18.1906666666667,19.8603333333333,19.8251612903226,19.608064516129,17.6987068376068,NA,NA,NA,NA,NA,365.758666666667,386.376666666667,407.841290322581,350.588387096774,350.24246965812,NA,NA,NA,NA,NA,197.61,432.42,451.16,442.655,316.113333333333,NA,NA,NA,NA
2018,"NCH1",NA,115.23,61.52,207.39,146.85,132.735,NA,NA,NA,NA,NA,28.9279166666667,31.5393333333333,31.6090322580645,30.9825806451613,31.0629,NA,NA,NA,NA,NA,18.92375,20.222,20.4235483870968,20.511935483871,21.1389333333333,NA,NA,NA,NA,NA,304.12125,405.821666666667,362.927096774194,360.052580645161,329.472633333333,NA,NA,NA,NA,NA,328.38,446.485,468.08,467.045,282.52,NA,NA,NA,NA
2018,"NEH2",NA,68.91,211.08,81.26,114.47,147.78,NA,NA,NA,NA,NA,27.0516666666667,29.509,29.1690322580645,28.1396774193548,26.1811111111111,NA,NA,NA,NA,NA,14.1308333333333,18.2076666666667,17.8132258064516,16.9161290322581,14.562962962963,NA,NA,NA,NA,NA,377.179583333333,350.085333333333,396.008709677419,356.423870967742,335.787037037037,NA,NA,NA,NA,NA,241.21,394.4,406.435,380.38,279.57,NA,NA,NA,NA
2018,"NYH1",NA,1.1,50.15,139.39,121.37,96.87,131.96,40.43,NA,NA,NA,27.3671428571429,24.002,27.9651612903226,26.4029032258065,22.87,13.7325806451613,8.76666666666667,NA,NA,NA,14.8628571428571,12.299,16.0777419354839,17.1154838709677,13.1966666666667,5.48935483870968,2.2475,NA,NA,NA,394.781428571429,392.792,366.721612903226,324.625161290323,315.111,213.725161290323,169.8025,NA,NA,NA,77.805,247.165,365,361.865,251.145,88.785,7.21,NA,NA
2018,"NYH2",NA,28.81,52.06,137.8,127.96,96.85,130.06,114.15,13.47,NA,NA,24.6271428571429,24.071,28.0370967741935,26.4654838709677,22.9426666666667,13.8058064516129,4.38466666666667,1.40681818181818,NA,NA,12.2128571428571,12.3883333333333,16.1767741935484,17.1929032258065,13.29,5.56193548387097,-1.895,-5.51454545454545,NA,NA,381.130714285714,389.102666666667,366.387741935484,324.409677419355,314.934666666667,213.937741935484,165.968666666667,181.840590909091,NA,NA,121.085,249.16,367.26,363.99,252.955,89.625,7.33,0,NA
2018,"NYH3",NA,28.81,52.06,137.8,127.96,96.85,130.06,114.15,13.98,NA,NA,24.6271428571429,24.071,28.0370967741935,26.4654838709677,22.9426666666667,13.8058064516129,4.38466666666667,1.30363636363636,NA,NA,12.2128571428571,12.3883333333333,16.1767741935484,17.1929032258065,13.29,5.56193548387097,-1.895,-5.40909090909091,NA,NA,381.130714285714,389.102666666667,366.387741935484,324.409677419355,314.934666666667,213.937741935484,165.968666666667,177.188181818182,NA,NA,121.085,249.16,367.26,363.99,252.955,89.625,7.33,0,NA
2018,"OHH1",NA,88.77,161.16,115.14,124.27,168.13,2.81,NA,NA,NA,NA,27.9794117647059,27.4536666666667,28.2438709677419,27.921935483871,25.7453333333333,28.4144444444444,NA,NA,NA,NA,16.3270588235294,16.9366666666667,17.048064516129,17.6332258064516,15.9356666666667,15.4155555555556,NA,NA,NA,NA,349.731764705882,350.330333333333,383.559677419355,357.124516129032,308.957,345.84,NA,NA,NA,NA,203.975,360.42,383.53,391.22,320.485,106.585,NA,NA,NA
2018,"SCH1",58.99,200.28,83.78,145.28,103.36,49.17,NA,NA,NA,NA,21.3527272727273,28.1458064516129,31.7903333333333,31.0535483870968,30.9377419354839,32.2894047619048,NA,NA,NA,NA,8.33090909090909,16.7822580645161,19.9276666666667,20.9177419354839,20.0309677419355,21.3958333333333,NA,NA,NA,NA,395.420909090909,338.660322580645,418.594666666667,355.536774193548,384.857096774194,331.803357142857,NA,NA,NA,NA,65.88,384.395,443.79,473.69,457.76,227.6,NA,NA,NA,NA
2018,"TXH1",44.53,71.25,67.24,61.2433333333333,6.75,NA,NA,NA,NA,143.93,25.0879047619048,32.2303225806452,34.5223333333333,36.1953494623656,36.13125,NA,NA,NA,NA,25.265,9.89388888888889,19.27,22.9816666666667,22.9665053763441,20.7703125,NA,NA,NA,NA,11.2129166666667,456.757698412698,401.302903225806,378.991333333333,413.260326420891,448.721875,NA,NA,NA,NA,405.365416666667,237.173333333333,448.515,493.23,494.523333333333,157.19,NA,NA,NA,NA,219.315
2018,"WIH1",NA,176.02,283.84,69.52,410.46,180.99,118.92,NA,NA,NA,NA,24.0591666666667,25.3573333333333,27.771935483871,26.9796774193548,23.036,14.6136842105263,NA,NA,NA,NA,11.71625,15.3286666666667,16.0951612903226,16.3122580645161,11.589,4.71526315789474,NA,NA,NA,NA,354.2475,333.525666666667,399.875806451613,338.602580645161,307.954,237.355789473684,NA,NA,NA,NA,194.85,305.38,366.035,360.015,238.465,52.66,NA,NA,NA
2018,"WIH2",NA,41.89,165.15,63.87,241.24,160.08,127.52,NA,NA,NA,NA,27.2869230769231,25.6786666666667,28.1467741935484,27.2177419354839,22.971,14.5547368421053,NA,NA,NA,NA,14.4053846153846,15.3773333333333,15.7041935483871,15.9683870967742,11.538,4.70052631578947,NA,NA,NA,NA,367.371538461538,329.617,402.744516129032,335.111612903226,299.231666666667,221.615789473684,NA,NA,NA,NA,134.975,310.26,364.65,357.61,238.17,54.05,NA,NA,NA
2019,"DEH1",NA,85.48,108,62.52,115.69,17.38,NA,NA,NA,NA,NA,25.4634782608696,28.7546666666667,32.1596774193548,30.0267741935484,28.9375,NA,NA,NA,NA,NA,15.2386956521739,18.5486666666667,21.3822580645161,20.1077419354839,18.6266666666667,NA,NA,NA,NA,NA,375.461304347826,376.362,378.426774193548,346.127741935484,346.84,NA,NA,NA,NA,NA,236.95,398.31,482.295,452.675,161.6,NA,NA,NA,NA
2019,"GAH1",52.48,58.79,159.2,70.55,80.24,NA,NA,NA,NA,0.98,26.207,32.0622580645161,32.618,33.5535483870968,34.1410714285714,NA,NA,NA,NA,23.0525,11.5946666666667,17.7432258064516,20.8536666666667,21.1977419354839,21.9387142857143,NA,NA,NA,NA,7.29,421.054,417.101612903226,354.799,407.412258064516,382.553880952381,NA,NA,NA,NA,462.1025,278.61,423.34,461.4,483.54,231.5575,NA,NA,NA,NA,26.135
2019,"GAH2",34.67,43.9,126.08,92.31,84.8,0,NA,NA,NA,NA,25.5936842105263,30.6787096774194,30.8026666666667,33.5690322580645,32.9077419354839,33.408,NA,NA,NA,NA,10.5215789473684,17.1164516129032,19.0876666666667,21.3967741935484,20.6990322580645,19.782,NA,NA,NA,NA,443.461578947368,424.482903225806,374.228333333333,409.411612903226,385.596451612903,416.724,NA,NA,NA,NA,165.815,403.28,425.1,486.495,471.94,74.455,NA,NA,NA,NA
2019,"IAH1",NA,NA,106.69,20.6,84.85,191.97,57.52,0.3,NA,NA,NA,NA,26.942,30.9887096774194,27.6296774193548,26.6563333333333,14.5877419354839,8.276,NA,NA,NA,NA,16.0436,19.4070967741935,15.9438709677419,15.3436666666667,3.67838709677419,-1.82625,NA,NA,NA,NA,372.3324,401.435483870968,358.568709677419,306.770333333333,261.517741935484,238.61675,NA,NA,NA,NA,282.38,448.84,363.055,326.885,93.265,0.914999999999999,NA,NA
2019,"IAH2",12.75,207.93,100.85,123.87,100.13,149.02,145.06,NA,NA,NA,12.6,19.6551612903226,27.0073333333333,28.6883870967742,26.4448387096774,26.1823333333333,15.145,NA,NA,NA,2.758,8.05032258064516,14.9826666666667,18.1541935483871,15.23,14.4836666666667,3.2,NA,NA,NA,291.612,333.729677419355,383.905333333333,361.281612903226,376.842580645161,305.356666666667,260.150384615385,NA,NA,NA,7.43,163.45,325.295,407.385,335.045,311.28,73.49,NA,NA,NA
2019,"IAH3",NA,219.54,121.84,63.13,127.99,147.24,160.41,NA,NA,NA,NA,20.1003846153846,26.2043333333333,29.568064516129,26.3770967741936,25.5676666666667,14.7392592592593,NA,NA,NA,NA,8.54538461538461,14.667,18.0745161290323,14.4803225806452,14.185,3.1837037037037,NA,NA,NA,NA,346.393846153846,376.351666666667,390.245161290323,364.028709677419,297.978333333333,263.742592592593,NA,NA,NA,NA,145.205,310.09,416.845,322.715,296.83,74.37,NA,NA,NA
2019,"IAH4",NA,NA,119.74,150.35,48.97,154.08,115.34,NA,NA,NA,NA,NA,26.7039285714286,29.1967741935484,26.6093548387097,26.078,15.7594117647059,NA,NA,NA,NA,NA,15.0914285714286,18.1103225806452,15.0348387096774,14.5676666666667,4.43117647058824,NA,NA,NA,NA,NA,374.4275,372.168709677419,368.981290322581,302.445,270.908823529412,NA,NA,NA,NA,NA,301.61,411.985,334.76,309.845,56.18,NA,NA,NA
2019,"ILH1",NA,68.87,102.15,65.17,65.98,64.55,23.05,NA,NA,NA,NA,26.2654545454545,27.3023333333333,30.3777419354839,27.9916129032258,28.027,20.9092483660131,NA,NA,NA,NA,15.4,16.1923333333333,18.9664516129032,16.5690322580645,15.6003333333333,7.32039215686275,NA,NA,NA,NA,373.096363636364,390.657666666667,386.537419354839,364.779032258064,345.843333333333,317.546307189543,NA,NA,NA,NA,120.265,346.965,437.59,378.805,350.525,106.115,NA,NA,NA
2019,"INH1",NA,NA,95.58,62.22,74.89,69.69,13.16,NA,NA,NA,NA,NA,26.6034615384615,30.2529032258065,28.0538709677419,27.23,23.6336363636364,NA,NA,NA,NA,NA,15.95,18.5974193548387,15.7409677419355,14.903,10.3918181818182,NA,NA,NA,NA,NA,371.936538461538,384.443870967742,385.121935483871,344.853333333333,297.714545454545,NA,NA,NA,NA,NA,289.7,427.485,365.87,327.725,86.835,NA,NA,NA
2019,"MIH1",NA,11.22,190.34,79.5,38.39,112.26,170.98,15.73,NA,NA,NA,22.174,24.2783333333333,29.3258064516129,27.0674193548387,24.041,15.2677419354839,3.48352941176471,NA,NA,NA,11.204,13.031,17.4987096774194,14.4158064516129,13.3576666666667,5.10193548387097,-4.66470588235294,NA,NA,NA,348.024,366.493333333333,376.468387096774,377.412258064516,293.790333333333,244.282258064516,200.406470588235,NA,NA,NA,33.675,264.855,404.555,334.065,261.97,91.08,1.135,NA,NA
2019,"MNH1",NA,NA,126.02,179.67,123.72,196.9,138.42,12.7366666666667,NA,NA,NA,NA,25.3364285714286,27.5809677419355,25.1564516129032,23.8156666666667,11.0822580645161,0.689733318338581,NA,NA,NA,NA,14.6432142857143,17.5806451612903,14.3064516129032,13.0586666666667,1.77516129032258,-8.26850044448729,NA,NA,NA,NA,365.230714285714,358.550322580645,360.332580645161,290.789,220.51064516129,199.930607474884,NA,NA,NA,NA,280.075,385.315,302.005,257.705,51.825,0,NA,NA
2019,"MOH1",NA,78.44,157.03,60.56,172.61,82.88,2.95333333333333,NA,NA,NA,NA,26.66125,27.9246666666667,30.8490322580645,29.2745161290323,29.447,25.3622023809524,NA,NA,NA,NA,15.764375,17.4173333333333,20.3112903225806,18.9587096774194,18.229,14.6765277777778,NA,NA,NA,NA,372.414375,378.774666666667,389.99,353.36064516129,340.571333333333,304.661011904762,NA,NA,NA,NA,179.475,372.06,461.035,424.44,399.11,55.3166666666667,NA,NA,NA
2019,"NCH1",NA,20.565,131.97,179.45,93.3,63.82,0,NA,NA,NA,NA,31.0775730994152,29.976,33.1267741935484,31.1396774193548,30.2503333333333,29.46,NA,NA,NA,NA,16.7916228070175,18.6743333333333,21.021935483871,20.158064516129,18.723,17.6657142857143,NA,NA,NA,NA,445.74451754386,369.113333333333,395.483548387097,354.003225806452,364.044333333333,325.82,NA,NA,NA,NA,240.06,412.87,480.13,458.805,421.07,89.4,NA,NA,NA
2019,"NEH1",NA,129.71,106.47,120.8,77.49,91.86,121.14,1.31,NA,NA,NA,22.961875,28.4986666666667,30.7632258064516,28.0529032258064,28.693,15.3396774193548,8.17769230769231,NA,NA,NA,12.093125,16.0353333333333,19.4109677419355,17.8822580645161,16.2013333333333,2.82870967741935,-5.97769230769231,NA,NA,NA,337.336875,387.732666666667,377.068709677419,340.331935483871,337.654,272.893225806452,252.791538461538,NA,NA,NA,124.805,357.575,441.16,394.57,360.935,101.99,8.865,NA,NA
2019,"NYH1",NA,NA,111.86,127.86,105.94,61.57,181.26,25.75,37.02,NA,NA,NA,23.37,27.6887096774194,25.2251612903226,22.4716666666667,15.8787096774194,5.04,1.80166666666667,NA,NA,NA,11.9439285714286,16.4970967741935,13.7661290322581,10.2813333333333,5.33741935483871,-2.33566666666667,-5.775,NA,NA,NA,386.425,365.867419354839,356.641935483871,336.154333333333,231.224838709677,180.190333333333,170.725,NA,NA,NA,222.385,371.57,294.845,203.58,98.08,3.925,0,NA
2019,"NYH2",NA,32.56,116.2,127.86,105.94,61.57,181.26,25.75,37.02,NA,NA,21.8555555555556,23.295,27.6887096774194,25.2251612903226,22.4716666666667,15.8787096774194,5.04,2.03818181818182,NA,NA,9.98666666666667,11.9256666666667,16.4970967741935,13.7661290322581,10.2813333333333,5.33741935483871,-2.33566666666667,-5.30272727272727,NA,NA,407.396666666667,380.918666666667,365.867419354839,356.641935483871,336.154333333333,231.224838709677,180.190333333333,165.545454545455,NA,NA,55.8,236.3,371.57,294.845,203.58,98.08,3.925,0,NA
2019,"NYH3",NA,32.56,116.2,127.86,105.94,61.57,181.26,25.75,37.02,NA,NA,21.8555555555556,23.295,27.6887096774194,25.2251612903226,22.4716666666667,15.8787096774194,5.04,1.91992424242424,NA,NA,9.98666666666667,11.9256666666667,16.4970967741935,13.7661290322581,10.2813333333333,5.33741935483871,-2.33566666666667,-5.53886363636364,NA,NA,407.396666666667,380.918666666667,365.867419354839,356.641935483871,336.154333333333,231.224838709677,180.190333333333,168.135227272727,NA,NA,55.8,236.3,371.57,294.845,203.58,98.08,3.925,0,NA
2019,"OHH1",NA,NA,169.8,90.51,63.88,36.49,22.4,NA,NA,NA,NA,NA,26.00875,30.0841935483871,27.8054838709677,28.4206666666667,23.1026666666667,NA,NA,NA,NA,NA,15.9670833333333,18.6764516129032,16.1645161290323,14.3886666666667,8.406,NA,NA,NA,NA,NA,343.7475,384.359677419355,367.192580645161,375.55,300.853333333333,NA,NA,NA,NA,NA,262.46,430.275,367.42,335.28,108.29,NA,NA,NA
2019,"SCH1",NA,38.11,121.96,54.66,69.33,0,NA,NA,NA,NA,NA,29.5363333333333,29.599,32.7,32.0974193548387,33.222,NA,NA,NA,NA,NA,16.7486666666667,18.503,20.7132258064516,20.1890322580645,19.804,NA,NA,NA,NA,NA,420.493333333333,368.985333333333,400.049032258065,367.572580645161,416.022,NA,NA,NA,NA,NA,374.69,407.115,474.88,457.23,74.51,NA,NA,NA,NA
2019,"TXH1",189.64,231.88,145.4,24.99,21.03,NA,NA,NA,NA,0.54,26.252,29.8903225806452,32.8976666666667,35.1903225806452,37.8858201581028,NA,NA,NA,NA,24.5175,12.5506666666667,18.828064516129,21.0466666666667,22.3790322580645,23.9174110671937,NA,NA,NA,NA,9.825,416.190333333333,373.928387096774,402.767333333333,418.924516129032,395.98902173913,NA,NA,NA,NA,459.385,294.195,426.74,465.11,501.875,381.5675,NA,NA,NA,NA,94.28
2019,"TXH2",189.64,231.88,145.4,24.99,21.03,NA,NA,NA,NA,0.54,26.252,29.8903225806452,32.8976666666667,35.1903225806452,37.8675,NA,NA,NA,NA,24.5175,12.5506666666667,18.828064516129,21.0466666666667,22.3790322580645,24.007,NA,NA,NA,NA,9.825,416.190333333333,373.928387096774,402.767333333333,418.924516129032,393.83,NA,NA,NA,NA,459.385,294.195,426.74,465.11,501.875,340.07,NA,NA,NA,NA,94.28
2019,"TXH3",189.64,231.88,145.4,24.99,21.03,NA,NA,NA,NA,0.54,26.252,29.8903225806452,32.8976666666667,35.1903225806452,37.8675,NA,NA,NA,NA,24.5175,12.5506666666667,18.828064516129,21.0466666666667,22.3790322580645,24.007,NA,NA,NA,NA,9.825,416.190333333333,373.928387096774,402.767333333333,418.924516129032,393.83,NA,NA,NA,NA,459.385,294.195,426.74,465.11,501.875,340.07,NA,NA,NA,NA,94.28
2019,"WIH1",NA,91.71,146.96,147.44,136.73,182.25,136.54,NA,NA,NA,NA,20.5415,24.8416666666667,29.0835483870968,25.6293548387097,23.4406666666667,14.1578062678063,NA,NA,NA,NA,8.368,13.1156666666667,17.6987096774194,14.208064516129,13.3453333333333,4.31789173789174,NA,NA,NA,NA,389.685,372.765,372.544516129032,357.324838709677,296.987,252.470548433048,NA,NA,NA,NA,114.26,271.12,407.36,307.585,252.635,64.96,NA,NA,NA
2019,"WIH2",NA,NA,135.8,114.39,110.42,162.15,167.84,34.745,NA,NA,NA,NA,24.6753571428571,28.8487096774194,25.4558064516129,23.277,12.6829032258065,1.67077272727273,NA,NA,NA,NA,12.7657142857143,17.2577419354839,13.7796774193548,12.826,3.28032258064516,-6.46168181818182,NA,NA,NA,NA,375.166428571429,371.563548387097,352.619032258065,294.064333333333,228.32,184.560568181818,NA,NA,NA,NA,248.155,397.88,299.505,244.17,64.855,0.215,NA,NA
2020,"DEH1",NA,29.1,93.79,150.23,192.9,59.84,NA,NA,NA,NA,NA,23.0233333333333,28.4916666666667,32.1629032258065,29.7090322580645,27.6817916666667,NA,NA,NA,NA,NA,13.8944444444444,18.2453333333333,22.44,21.3374193548387,19.0053333333333,NA,NA,NA,NA,NA,375.545,396.98,351.608064516129,317.088387096774,324.005875,NA,NA,NA,NA,NA,154.18,390.125,499.155,468.9,204.3075,NA,NA,NA,NA
2020,"GAH1",155.14,73.5,108.57,78.73,63.025,NA,NA,NA,NA,NA,25.8623333333333,28.7629032258065,31.4243333333333,33.2964516129032,33.7956699346405,NA,NA,NA,NA,NA,11.6306666666667,15.4022580645161,20.3123333333333,22.1909677419355,22.140114379085,NA,NA,NA,NA,NA,434.776,409.767419354839,394.543333333333,378.458709677419,368.144967320261,NA,NA,NA,NA,NA,271.43,370.26,449.385,498.425,281.22,NA,NA,NA,NA,NA
2020,"GAH2",NA,108.92,87.96,52.1,124.14,173.62,0,NA,NA,NA,NA,26.0859259259259,30.4713333333333,33.89,32.2809677419355,27.5616666666667,25.5722321428571,NA,NA,NA,NA,13.4525925925926,18.7126666666667,21.3570967741935,21.1267741935484,17.6103333333333,9.78830357142857,NA,NA,NA,NA,381.933333333333,397.555,402.972903225806,342.472903225806,345.630333333333,442.168928571429,NA,NA,NA,NA,274.565,420.175,485.42,479.19,367.89,60.83,NA,NA,NA
2020,"IAH1",NA,95.06,216.83,75.29,5.53,143.67,10.05,NA,NA,NA,NA,21.4695238095238,28.26,30.0196774193548,29.1838709677419,23.1863333333333,19.2961111111111,NA,NA,NA,NA,11.7228571428571,16.9146666666667,19.2541935483871,15.8861290322581,10.8416666666667,5.68611111111111,NA,NA,NA,NA,334.822857142857,381.699333333333,379.946774193548,418.212903225806,316.132666666667,304.1,NA,NA,NA,NA,149.185,372.575,438.61,374.39,221.275,87.62,NA,NA,NA
2020,"INH1",NA,79.89,86.36,89.16,60.98,52.94,0,NA,NA,NA,NA,23.6805,29.0953333333333,29.9887096774194,28.0903225806452,24.725,17.15,NA,NA,NA,NA,13.0445,16.0106666666667,18.5,15.6961290322581,11.657,4.49,NA,NA,NA,NA,353.453,410.323333333333,365.912580645161,394.547741935484,341.763666666667,339.79,NA,NA,NA,NA,173.65,367.975,428.885,363.2,261.53,3.575,NA,NA,NA
2020,"MIH1",NA,23.22,73.07,70.56,94.41,114.16,75.875,NA,NA,NA,NA,25.3657142857143,27.655,30.0864516129032,28.0487096774194,21.7506666666667,15.1458516483516,NA,NA,NA,NA,14.72,13.46,17.5764516129032,15.0358064516129,9.674,3.36017857142857,NA,NA,NA,NA,352.071428571429,421.522,372.661290322581,368.574838709677,314.513333333333,251.76081043956,NA,NA,NA,NA,71.665,318.795,411.35,351.25,192.825,74.445,NA,NA,NA
2020,"MNH1",NA,108.333333333333,159.45,143.39,159.2,49.82,61.72,0,NA,NA,NA,20.5423215686275,28.381,28.6835483870968,27.0290322580645,20.8213333333333,10.5177419354839,16.1198888888889,NA,NA,NA,10.6888705882353,15.8206666666667,17.3835483870968,15.6638709677419,9.84866666666667,0.198709677419355,-1.88583333333333,NA,NA,NA,321.886345098039,391.058,378.569032258065,346.997741935484,309.799,230.444838709677,257.997222222222,NA,NA,NA,122.016666666667,352.465,395.81,348.945,181.48,63.395,16.1033333333333,NA,NA
2020,"MOH1",NA,NA,179.28,111.82,96.19,119.63,11.27,NA,NA,NA,NA,NA,29.5151724137931,31.1793548387097,29.1638709677419,25.138,21.1854545454545,NA,NA,NA,NA,NA,18.4375862068966,21.0974193548387,17.9925806451613,13.98,7.75598086124402,NA,NA,NA,NA,NA,398.110689655172,362.392258064516,391.023870967742,347.864333333333,320.853995215311,NA,NA,NA,NA,NA,397.865,474.145,408.67,287.91,126.5225,NA,NA,NA
2020,"NCH1",59.57,171.41,132.13,76.06,271.63,0,NA,NA,NA,NA,23.115,24.7435483870968,28.8253333333333,33.3738709677419,31.1816129032258,31.96,NA,NA,NA,NA,11.11625,13.4954838709677,19.3893333333333,22.2961290322581,22.0796774193548,22.22,NA,NA,NA,NA,373.96,369.183548387097,370.376,399.078064516129,321.266129032258,385.58,NA,NA,NA,NA,59.68,296.01,410.44,500.26,493.775,16.11,NA,NA,NA,NA
2020,"NEH1",NA,79.5,138.04,96.06,22.57,66.82,14.35,NA,NA,NA,NA,21.547,31.1656666666667,30.601935483871,30.1145161290323,25.0143333333333,16.3310862068966,NA,NA,NA,NA,12.088,18.3976666666667,19.4270967741935,16.8470967741935,10.7933333333333,2.54879885057471,NA,NA,NA,NA,318.741,399.067,364.619677419355,412.641290322581,342.468333333333,272.974045977011,NA,NA,NA,NA,140.14,415.74,447.225,397.97,241.865,118.5175,NA,NA,NA
2020,"NYH2",NA,18.04,37.35,146.76,64.21,50.3,97.02,6.53,NA,NA,NA,25.778,25.5646666666667,29.1261290322581,27.1612903225806,22.179,14.7487096774194,13.4933333333333,NA,NA,NA,13.757,12.8193333333333,17.4909677419355,15.2187096774194,9.623,5.58677419354839,1.55333333333333,NA,NA,NA,377.605,402.535,363.015806451613,370.842580645161,341.276333333333,211.946451612903,243.321666666667,NA,NA,NA,99.625,287.66,403.82,343.855,210.605,80.9,14.365,NA,NA
2020,"NYH3",NA,18.04,37.35,146.76,64.21,50.3,97.02,6.53,NA,NA,NA,25.778,25.5646666666667,29.1261290322581,27.1612903225806,22.179,14.7487096774194,13.4933333333333,NA,NA,NA,13.757,12.8193333333333,17.4909677419355,15.2187096774194,9.623,5.58677419354839,1.55333333333333,NA,NA,NA,377.605,402.535,363.015806451613,370.842580645161,341.276333333333,211.946451612903,243.321666666667,NA,NA,NA,99.625,287.66,403.82,343.855,210.605,80.9,14.365,NA,NA
2020,"NYS1",NA,18.04,37.35,146.76,64.21,50.3,97.02,6.53,NA,NA,NA,25.778,25.5646666666667,29.1261290322581,27.1612903225806,22.179,14.7487096774194,13.4933333333333,NA,NA,NA,13.757,12.8193333333333,17.4909677419355,15.2187096774194,9.623,5.58677419354839,1.55333333333333,NA,NA,NA,377.605,402.535,363.015806451613,370.842580645161,341.276333333333,211.946451612903,243.321666666667,NA,NA,NA,99.625,287.66,403.82,343.855,210.605,80.9,14.365,NA,NA
2020,"OHH1",NA,NA,60.86,89.15,100.06,61.64,126.54,16.72,NA,NA,NA,NA,28.1372413793103,30.7761290322581,27.6970967741935,24.5593333333333,16.7764516129032,19.336,NA,NA,NA,NA,15.8562068965517,18.8467741935484,16.1670967741935,11.3993333333333,5.92483870967742,3.388,NA,NA,NA,NA,393.284137931034,379.528709677419,369.66935483871,352.867333333333,245.727419354839,289.504,NA,NA,NA,NA,342.145,438.17,367.865,257.965,113.185,47.545,NA,NA
2020,"SCH1",NA,250.96,64.64,74.41,179.43,119.59,NA,NA,NA,NA,NA,25.3109523809524,29.366,33.0174193548387,30.9132258064516,27.5773418972332,NA,NA,NA,NA,NA,14.697619047619,18.7543333333333,21.4996774193548,20.97,17.7528260869565,NA,NA,NA,NA,NA,343.995238095238,384.906666666667,396.673225806452,332.259032258065,357.311956521739,NA,NA,NA,NA,NA,214.21,411.185,486.655,473.365,278.4025,NA,NA,NA,NA
2020,"TXH1",107.31,138.07,85.34,72.29,3.26,NA,NA,NA,NA,57.2,26.1356666666667,30.0561290322581,33.0106666666667,35.5338709677419,35.9348106060606,NA,NA,NA,NA,26.4847619047619,13.256,18.0167741935484,21.7116666666667,24.8096774193548,23.4317803030303,NA,NA,NA,NA,15.4061904761905,427.728,396.584516129032,379.897333333333,372.592903225806,419.416136363636,NA,NA,NA,NA,348.319047619048,294.67,419.92,474.415,539.55,192.2475,NA,NA,NA,NA,229.075
2020,"TXH2",107.31,138.07,85.34,51.0466666666667,NA,NA,NA,NA,NA,57.2,26.1356666666667,30.0561290322581,33.0106666666667,35.5447430213465,NA,NA,NA,NA,NA,26.4847619047619,13.256,18.0167741935484,21.7116666666667,24.8188957307061,NA,NA,NA,NA,NA,15.4061904761905,427.728,396.584516129032,379.897333333333,375.477440613027,NA,NA,NA,NA,NA,348.319047619048,294.67,419.92,474.415,504.87,NA,NA,NA,NA,NA,229.075
2020,"TXH3",59.15,138.07,85.34,72.29,3.26,NA,NA,NA,NA,NA,26.9339130434783,30.0561290322581,33.0106666666667,35.5338709677419,36.1697527472527,NA,NA,NA,NA,NA,13.685652173913,18.0167741935484,21.7116666666667,24.8096774193548,23.7128571428571,NA,NA,NA,NA,NA,439.78652173913,396.584516129032,379.897333333333,372.592903225806,417.075659340659,NA,NA,NA,NA,NA,239.59,419.92,474.415,539.55,227.58,NA,NA,NA,NA,NA
2020,"WIH1",NA,141.27,168.88,149.01,30.97,109.19,24.71,NA,NA,NA,NA,19.1472,27.2653333333333,29.2041935483871,27.7041935483871,20.6856666666667,15.6161904761905,NA,NA,NA,NA,8.3716,13.8993333333333,17.7654838709677,14.6087096774194,9.63,2.7152380952381,NA,NA,NA,NA,347.1452,406.147,368.211612903226,392.844193548387,297.846333333333,290.451428571429,NA,NA,NA,NA,136.305,319.73,407.06,339.365,174.575,63.58,NA,NA,NA
2020,"WIH2",NA,105.17,117.76,159.84,100.6,111.19,124.57,NA,NA,NA,NA,21.3805263157895,27.343,29.2354838709677,27.6090322580645,20.587,12.9510714285714,NA,NA,NA,NA,10.7931578947368,13.844,17.5774193548387,14.4138709677419,9.755,1.785,NA,NA,NA,NA,339.211052631579,405.192666666667,367.264516129032,381.25064516129,290.206333333333,248.435,NA,NA,NA,NA,129.355,319.955,403.335,336.135,175.235,61.79,NA,NA,NA
2020,"WIH3",NA,57.77,155.99,90.48,108.8,74.66,72.59,0,NA,NA,NA,23.7745454545455,26.2976666666667,28.5238709677419,27.2912903225806,19.755,11.0090322580645,18.3625,NA,NA,NA,13.1209090909091,13.3546666666667,16.7851612903226,14.2096774193548,9.35966666666667,0.635161290322581,1.8775,NA,NA,NA,340.255454545455,388.38,368.408387096774,371.050967741935,292.386666666667,242.41064516129,245.9175,NA,NA,NA,96.26,297.54,384.795,331.965,164,51.79,37.11,NA,NA
2021,"COH1",NA,21.19,18.99,20.61,18.4,10.47,4.05,7.04,NA,NA,NA,21.665,29.881,31.7612903225806,30.908064516129,28.3583333333333,19.860368585122,10.855,NA,NA,NA,7.647,11.9223333333333,14.6790322580645,13.1748387096774,9.45266666666667,2.40512558535547,-0.6325,NA,NA,NA,437.814,470.429666666667,455.756129032258,453.377096774194,401.186666666667,324.203562943737,189.3775,NA,NA,NA,58.325,304.19,373.34,345.085,273.38,144.301666666667,7.225,NA,NA
2021,"DEH1",1.9,64.68,126.16,130.83,216.68,82.2,NA,NA,NA,NA,28.065,23.8616129032258,28.4873333333333,30.6296774193548,30.0477419354839,28.0075365363194,NA,NA,NA,NA,14.0775,11.5948387096774,18.627,21.118064516129,21.291935483871,18.1820756873487,NA,NA,NA,NA,447.1775,411.575806451613,364.348666666667,366.766451612903,318.795161290323,349.345089147816,NA,NA,NA,NA,45.605,250.665,396.14,472.425,467.195,206.544166666667,NA,NA,NA,NA
2021,"GAH1",167.41,29.83,146.52,169.9,97.75,NA,NA,NA,NA,19.48,24.488,28.9538709677419,31.4216666666667,32.0138709677419,31.8503921568627,NA,NA,NA,NA,27.9028571428571,10.284,14.7035483870968,20.4773333333333,21.8838709677419,21.9954901960784,NA,NA,NA,NA,14.15,426.991333333333,450.085806451613,340.350666666667,359.89064516129,340.982189542484,NA,NA,NA,NA,379.582857142857,246.425,359.485,454.66,492.675,277.3,NA,NA,NA,NA,77.185
2021,"GAH2",93.19,155.72,43.92,157.71,193.99,0,NA,NA,NA,NA,24.3423529411765,27.0190322580645,30.6123333333333,31.9774193548387,32.2758064516129,30.9020604395604,NA,NA,NA,NA,9.47764705882353,12.4135483870968,18.71,20.9729032258065,21.3264516129032,17.1624450549451,NA,NA,NA,NA,435.378823529412,431.821612903226,388.250333333333,377.733548387097,368.209032258064,437.515357142857,NA,NA,NA,NA,132.095,302.42,423.645,478.12,482.93,183.035,NA,NA,NA,NA
2021,"IAH1",NA,158.84,160.24,130.13,65.46,42.99,46.6,NA,NA,NA,NA,20.401935483871,29.114,28.5338709677419,29.4135483870968,27.486,22.7663157894737,NA,NA,NA,NA,10.0751612903226,16.9686666666667,18.2448387096774,17.5845161290323,13.2163333333333,11.9089473684211,NA,NA,NA,NA,353.570967741935,392.233333333333,370.707419354839,374.963548387097,365.368666666667,242.905789473684,NA,NA,NA,NA,202.27,380.685,405.865,406.41,314.235,150.615,NA,NA,NA
2021,"IAH2",0.79,89.48,82.73,103.91,92.2,49.28,4.06,NA,NA,NA,23.455,20.7164516129032,30.33,28.9467741935484,28.9745161290323,26.8863333333333,23.6754545454545,NA,NA,NA,7.2875,9.21838709677419,16.225,16.7848387096774,16.4835483870968,11.5036666666667,11.8581818181818,NA,NA,NA,471.165,358.833870967742,405.792,387.724516129032,362.266451612903,359.707666666667,248.631818181818,NA,NA,NA,27.015,201.41,377.39,387.85,385.68,287.985,89.04,NA,NA,NA
2021,"IAH3",NA,81.54,102.32,41.61,117.71,34.45,63.37,NA,NA,NA,NA,19.8153846153846,29.647,28.498064516129,29.1951612903226,26.7876666666667,22.157,NA,NA,NA,NA,9.00307692307692,16.1766666666667,17.1416129032258,15.8787096774194,11.4366666666667,10.1515,NA,NA,NA,NA,343.628846153846,402.047333333333,390.811935483871,371.508064516129,364.112,229.5705,NA,NA,NA,NA,160.81,373.26,388.18,378.295,282.86,142.65,NA,NA,NA
2021,"IAH4",0,95.48,57.03,101.69,106.18,72.31,158.17,0,NA,NA,23.28,20.9570967741935,30.411,29.2496774193548,29.4035483870968,27.3276666666667,18.5845161290323,8.4025,NA,NA,7.24666666666667,9.61548387096774,16.5043333333333,17.2009677419355,16.82,12.0613333333333,7.14870967741935,-3.68,NA,NA,486.366666666667,356.684193548387,403.693,385.508709677419,356.791290322581,358.359333333333,225.154516129032,259.725,NA,NA,19.92,207.065,383.585,396.32,394.15,298.285,154.815,0,NA,NA
2021,"INH1",NA,44.83,153.21,116.16,52.74,64.59,NA,NA,NA,NA,NA,24.22125,28.895,27.9158064516129,29.6729032258065,26.9885714285714,NA,NA,NA,NA,NA,12.41625,17.184,17.6954838709677,17.7796774193548,13.8767857142857,NA,NA,NA,NA,NA,374.0775,373.883,370.135806451613,384.935483870968,341.816071428571,NA,NA,NA,NA,NA,70.94,380.945,393.115,411.58,289.525,NA,NA,NA,NA
2021,"MIH1",NA,32.54,209.95,87.86,123.66,104.93,77.46,NA,NA,NA,NA,23.84,27.536,27.3793548387097,29.228064516129,24.261,21.4066028708134,NA,NA,NA,NA,9.02684210526316,15.556,16.3770967741936,17.4206451612903,12.0186666666667,12.1158253588517,NA,NA,NA,NA,429.978421052632,341.089666666667,374.857419354839,364.587741935484,327.659,220.267224880383,NA,NA,NA,NA,149.865,346.925,364.325,404.5,248.83,150.7025,NA,NA,NA
2021,"MNH1",NA,66.23,71.05,76.94,132.56,46.23,49.4766666666667,NA,NA,NA,NA,22.1538888888889,29.991,27.8370967741935,27.4948387096774,24.7443333333333,18.5582100664767,NA,NA,NA,NA,11.8561111111111,16.2816666666667,16.6370967741935,15.8035483870968,10.7366666666667,7.18843000949668,NA,NA,NA,NA,346.107222222222,423.693666666667,372.59935483871,360.281935483871,339.073666666667,231.158906932574,NA,NA,NA,NA,137.7,371.185,372.045,359.73,248.155,129.995,NA,NA,NA
2021,"NCH1",5.03,66.55,252.02,132.67,171.38,38.7666666666667,NA,NA,NA,NA,23.5887407407407,26.778064516129,29.2803333333333,31.2251612903226,31.4132258064516,29.0854801587302,NA,NA,NA,NA,9.10862962962963,12.3483870967742,18.651,20.8829032258065,21.3916129032258,17.4120436507937,NA,NA,NA,NA,426.855888888889,421.094193548387,348.197,383.687096774194,353.103225806452,370.671781746032,NA,NA,NA,NA,72.595,298.44,408.995,472.075,476.04,282.385,NA,NA,NA,NA
2021,"NEH1",NA,56.59,110.94,58.32,129.54,12.72,166.17,1.68,NA,NA,NA,22.0928,31.1156666666667,30.5435483870968,31.3935483870968,28.3546666666667,20.391935483871,11.612,NA,NA,NA,11.154,17.2656666666667,18.22,18.3922580645161,13.324,6.72451612903226,0.65,NA,NA,NA,357.0796,417.587666666667,385.617419354839,377.052580645161,362.876,257.73,217.588,NA,NA,NA,187.1,397.21,424.3,430.025,321.46,172.25,6.5,NA,NA
2021,"NEH2",NA,135.66,35.43,58.01,65.9,64.94,5.585,NA,NA,NA,NA,20.6222727272727,30.052,31.0970967741935,31.7845161290323,28.514,24.5325757575758,NA,NA,NA,NA,8.67681818181818,14.319,16.3403225806452,15.3874193548387,11.2036666666667,6.86837121212121,NA,NA,NA,NA,341.584545454545,444.637333333333,409.754193548387,409.809677419355,367.048,329.887916666667,NA,NA,NA,NA,129.485,344.185,395.265,386.15,295.845,84.125,NA,NA,NA
2021,"NEH3",NA,45.19,39,58.96,59.65,60.48,13.01,NA,NA,NA,NA,22.4627272727273,30.595,31.5470967741935,32.2132258064516,28.979,21.8053404344194,NA,NA,NA,NA,10.7345454545455,14.4996666666667,16.79,15.6764516129032,11.441,4.25098997493734,NA,NA,NA,NA,348.521818181818,440.246666666667,405.047096774194,411.411612903226,367.299,312.077271512114,NA,NA,NA,NA,77.57,351.615,405.6,392.79,304.435,118.636666666667,NA,NA,NA
2021,"NYH2",NA,41.82,106.38,148.18,192.07,101.49,207.93,3.09,NA,NA,NA,22.685,26.5573333333333,25.4432258064516,27.3803225806452,22.4403333333333,17.9493548387097,11.333,NA,NA,NA,10.5583333333333,14.5433333333333,15.4329032258065,17.1216129032258,12.1726666666667,9.68322580645161,0.781,NA,NA,NA,372.475833333333,364.621,349.018064516129,335.047741935484,326.159,216.188387096774,234.43,NA,NA,NA,86.85,315.92,323.98,378.35,222.645,150.715,11.42,NA,NA
2021,"NYH3",NA,41.82,106.38,148.18,192.07,101.49,207.93,3.09,NA,NA,NA,22.685,26.5573333333333,25.4432258064516,27.3803225806452,22.4403333333333,17.9493548387097,11.333,NA,NA,NA,10.5583333333333,14.5433333333333,15.4329032258065,17.1216129032258,12.1726666666667,9.68322580645161,0.781,NA,NA,NA,372.475833333333,364.621,349.018064516129,335.047741935484,326.159,216.188387096774,234.43,NA,NA,NA,86.85,315.92,323.98,378.35,222.645,150.715,11.42,NA,NA
2021,"NYS1",NA,41.82,106.38,148.18,192.07,101.49,207.93,3.09,NA,NA,NA,22.685,26.5573333333333,25.4432258064516,27.3803225806452,22.4403333333333,17.9493548387097,11.333,NA,NA,NA,10.5583333333333,14.5433333333333,15.4329032258065,17.1216129032258,12.1726666666667,9.68322580645161,0.781,NA,NA,NA,372.475833333333,364.621,349.018064516129,335.047741935484,326.159,216.188387096774,234.43,NA,NA,NA,86.85,315.92,323.98,378.35,222.645,150.715,11.42,NA,NA
2021,"SCH1",44.81,93.71,110.61,224.71,131.29,42.025,177.26,NA,NA,NA,23.125,25.8720591397849,29.8743333333333,30.848064516129,31.3396774193548,28.5371666666667,24.725,NA,NA,NA,8.53388888888889,13.2045806451613,18.8253333333333,20.5596774193548,20.6764516129032,16.5911666666667,18.18375,NA,NA,NA,449.053333333333,409.180946236559,371.599,363.313870967742,367.053225806452,385.053166666667,198.4925,NA,NA,NA,126.57,292.9475,421.935,467.02,468.995,277.33,91.635,NA,NA,NA
2021,"TXH1",105.42,180.38,99.58,110.18,0,NA,NA,NA,NA,41.86,25.1316666666667,28.2035483870968,32.5636666666667,32.9006451612903,33.6858333333333,NA,NA,NA,NA,24.3986363636364,12.8893333333333,19.1667741935484,23.0106666666667,23.3445161290323,24.2358333333333,NA,NA,NA,NA,11.6159090909091,392.902,358.353548387097,388.522,380.10064516129,382.741666666667,NA,NA,NA,NA,383.385909090909,283.74,420.16,490.935,515.74,205.275,NA,NA,NA,NA,189.83
2021,"TXH2",105.42,180.38,99.58,110.18,0,NA,NA,NA,NA,41.86,25.1316666666667,28.2035483870968,32.5636666666667,32.9006451612903,33.342,NA,NA,NA,NA,24.3986363636364,12.8893333333333,19.1667741935484,23.0106666666667,23.3445161290323,24.152,NA,NA,NA,NA,11.6159090909091,392.902,358.353548387097,388.522,380.10064516129,377.627,NA,NA,NA,NA,383.385909090909,283.74,420.16,490.935,515.74,170.62,NA,NA,NA,NA,189.83
2021,"TXH3",95.46,180.38,99.58,110.18,22.824,4.93,NA,NA,NA,NA,25.3745454545455,28.2035483870968,32.5636666666667,32.9006451612903,34.2796377171216,34.7806105006105,NA,NA,NA,NA,13.8881818181818,19.1667741935484,23.0106666666667,23.3445161290323,23.9520744416873,21.7228449328449,NA,NA,NA,NA,379.052272727273,358.353548387097,388.522,380.10064516129,391.787141439206,403.783148148148,NA,NA,NA,NA,218.31,420.16,490.935,515.74,464.517,188.97,NA,NA,NA,NA
2021,"WIH1",NA,45.53,118.06,69.58,98.16,72.62,80.52,NA,NA,NA,NA,20.7190909090909,28.4576666666667,27.631935483871,28.6464516129032,24.927,19.8078260869565,NA,NA,NA,NA,9.02727272727273,15.805,16.0051612903226,15.5787096774194,10.659,9.85260869565217,NA,NA,NA,NA,379.231363636364,380.661333333333,393.502903225806,371.230967741936,345.681666666667,207.06652173913,NA,NA,NA,NA,143.425,352.96,359.285,369.905,243.565,141.48,NA,NA,NA
2021,"WIH2",NA,23.62,104.92,43.37,116.08,63.27,61.18,0,NA,NA,NA,20.00125,28.236,27.6306451612903,28.4387096774194,24.522,18.053162086818,8.30625,NA,NA,NA,7.7325,15.531,15.5864516129032,15.3990322580645,10.372,7.88353245718837,-3.795,NA,NA,NA,397.24875,373.906,402.642903225806,358.077419354839,344.565666666667,210.447650338511,261.09525,NA,NA,NA,46.59,346.41,353.72,364.92,236.77,147.613333333333,0.52,NA,NA
2021,"WIH3",0,81.27,164.28,154.15,214.32,21.55,10.38,NA,NA,NA,17.76,19.6838709677419,27.7473333333333,26.9854838709677,27.0806451612903,23.3273333333333,23.264,NA,NA,NA,5.225,6.99483870967742,14.7833333333333,14.9641935483871,14.9948387096774,9.357,13.98,NA,NA,NA,428.595,387.549032258065,376.102,390.560967741935,359.844838709677,350.647,198.49,NA,NA,NA,7.76,172.375,329.46,336.865,341.155,211.61,43.11,NA,NA,NA
2022,"COH1",NA,25.13,14.42,92.09,10.06,24.13,4.28,2.83,NA,NA,NA,20.6284615384615,29.6526666666667,32.7864516129032,31.7361290322581,27.901,19.8087096774194,10.479375,NA,NA,NA,4.63307692307692,11.1536666666667,15.1358064516129,14.5722580645161,9.74233333333333,2.13612903225806,-5.569375,NA,NA,NA,419.081538461538,489.997333333333,441.544193548387,429.760322580645,383.337666666667,321.475806451613,247.72125,NA,NA,NA,69.61,295.02,379.915,374.195,260.305,152.035,20.135,NA,NA
2022,"DEH1",2.33,94.83,92.7,109.7,52.23,82.92,NA,NA,NA,NA,18.775,23.3816129032258,28.2996666666667,30.9496774193548,30.9941935483871,27.9869166666667,NA,NA,NA,NA,6.835,13.9374193548387,17.1266666666667,21.5403225806452,20.7193548387097,17.704,NA,NA,NA,NA,434.086666666667,350.440967741935,404.332333333333,336.493548387097,369.010967741935,335.318095238095,NA,NA,NA,NA,28.36,267.885,375.695,480.345,468.485,261.935,NA,NA,NA,NA
2022,"GAH1",74.74,57.42,62.16,139.73,100.015,NA,NA,NA,NA,NA,26.4137037037037,30.571935483871,34.4103333333333,32.9490322580645,32.3058061594203,NA,NA,NA,NA,NA,11.5603703703704,17.2525806451613,21.2483333333333,22.3629032258065,21.6166123188406,NA,NA,NA,NA,NA,437.068148148148,403.396774193548,415.171666666667,338.76935483871,352.123704710145,NA,NA,NA,NA,NA,255.26,410.41,468.725,501.555,371.21,NA,NA,NA,NA,NA
2022,"GAH2",51.26,35.43,13.42,170.98,70.56,93.69,NA,NA,NA,NA,25.0870588235294,29.1525806451613,33.368,32.8306451612903,31.3477419354839,29.8985822510823,NA,NA,NA,NA,9.79411764705882,16.0712903225806,20.067,21.8316129032258,21.0077419354839,18.4815800865801,NA,NA,NA,NA,448.333529411765,406.198387096774,421.090333333333,352.828064516129,364.984516129032,365.466331168831,NA,NA,NA,NA,137.98,380.26,450.145,492.135,475.17,295.885,NA,NA,NA,NA
2022,"IAH1",NA,42.85,73.58,61.63,65.39,88.24,6.14,NA,NA,NA,NA,25.8527272727273,29.0313333333333,29.5832258064516,29.021935483871,25.2723333333333,21.2181818181818,NA,NA,NA,NA,13.9063636363636,16.412,18.1267741935484,17.2490322580645,12.5536666666667,4.00909090909091,NA,NA,NA,NA,397.503636363636,399.265666666667,363.512258064516,368.876451612903,337.864,355.669090909091,NA,NA,NA,NA,215.095,366.72,415.145,399.73,280.56,61.7,NA,NA,NA
2022,"IAH2",NA,46.19,106.2,101.34,58.81,40.93,14.98,NA,NA,NA,NA,21.0041666666667,28.855,29.4222580645161,28.6222580645161,25.2976666666667,19.0029411764706,NA,NA,NA,NA,9.51833333333333,15.7193333333333,17.4735483870968,15.8145161290323,10.7676666666667,3.32764705882353,NA,NA,NA,NA,365.369166666667,398.733,362.243870967742,368.782903225806,350.451,295.835294117647,NA,NA,NA,NA,77.3,354.82,405.035,368.305,261.54,78.65,NA,NA,NA
2022,"IAH3",NA,35.5,132.22,93.28,76.3,51.97,6.23,NA,NA,NA,NA,24.6461904761905,28.4366666666667,29.0987096774194,28.2058064516129,24.986,17.28,NA,NA,NA,NA,11.6409523809524,14.8563333333333,17.1935483870968,15.8558064516129,11.3006666666667,1.13368421052632,NA,NA,NA,NA,407.08619047619,397.856666666667,358.294516129032,354.490967741935,341.691333333333,312.356315789474,NA,NA,NA,NA,177.42,337.48,398.73,368.145,266.04,73.335,NA,NA,NA
2022,"IAH4",NA,46.96,201.53,94.88,105.09,57.8,20.55,NA,NA,NA,NA,21.882,28.8856666666667,29.6677419354839,28.9316129032258,25.102,18.908,NA,NA,NA,NA,10.696,15.98,17.9174193548387,16.4648387096774,11.698,2.672,NA,NA,NA,NA,357.631,391.915333333333,367.62064516129,365.773225806452,349.160333333333,300.892,NA,NA,NA,NA,70.815,360.135,413.47,382.55,269.41,115.635,NA,NA,NA
2022,"ILH1",NA,44.47,22.29,68.32,116.52,98.62,0,NA,NA,NA,NA,26.9638095238095,29.9923333333333,29.5351612903226,28.3532258064516,25.2,22.7666666666667,NA,NA,NA,NA,14.2328571428571,16.3423333333333,18.2816129032258,16.8503225806452,12.707,6.31,NA,NA,NA,NA,397.008571428571,430.812333333333,364.222580645161,383.234516129032,355.959333333333,390.433333333333,NA,NA,NA,NA,218.32,373.19,419.665,386.52,282.405,19.15,NA,NA,NA
2022,"INH1",NA,99.28,35.63,68.98,132.12,38.17,0,NA,NA,NA,NA,25.848,29.0076666666667,29.2474193548387,28.2393548387097,24.8123333333333,22.1575,NA,NA,NA,NA,13.4375,15.4833333333333,17.5248387096774,16.3651612903226,12.28,3.9675,NA,NA,NA,NA,391.6045,418.230666666667,357.555161290323,372.865483870968,344.149,400.955,NA,NA,NA,NA,193.245,352.875,404.17,376.005,270.58,24.315,NA,NA,NA
2022,"MIH1",NA,35.66,60.37,64.52,111.79,64.24,65.84,0,NA,NA,NA,24.02,27.1933333333333,28.5551612903226,27.4422580645161,22.9516666666667,16.8625806451613,20.2366666666667,NA,NA,NA,12.8383333333333,13.8906666666667,16.0070967741935,15.8432258064516,11.9186666666667,4.00709677419355,5.02,NA,NA,NA,363.105,406.996666666667,375.69064516129,358.006451612903,309.879666666667,257.397419354839,258.843333333333,NA,NA,NA,105.22,311.01,374.795,357.71,237.085,112.945,15.355,NA,NA
2022,"MNH1",NA,32.64,105.13,118.92,146.72,21.64,9.6,3.996,NA,NA,NA,23.0469230769231,27.2783333333333,28.1074193548387,26.0983870967742,23.176,16.2341935483871,17.5668214285714,NA,NA,NA,11.1063846153846,15.378,17.1616129032258,15.4777419354839,10.681,2.58451612903226,3.03141666666667,NA,NA,NA,380.135846153846,387.992,353.86,339.076451612903,342.716333333333,263.23935483871,210.041821428571,NA,NA,NA,85.157,329.82,387.72,332.9,231.015,111.555,17.042,NA,NA
2022,"MOH2",NA,96.33,19.78,71.38,48.14,46.83,48.02,NA,NA,NA,NA,26.6040909090909,30.6303333333333,32.3570967741936,31.0861290322581,27.663,22.4266666666667,NA,NA,NA,NA,15.4045454545455,18.7943333333333,20.8732258064516,19.688064516129,14.561,6.78053571428571,NA,NA,NA,NA,381.235,407.399666666667,358.591935483871,381.966129032258,358.384333333333,320.328214285714,NA,NA,NA,NA,236.225,414.08,467.275,450.76,331.175,123.8125,NA,NA,NA
2022,"NCH1",2.56,101.42,61.66,194.94,137,18.53,NA,NA,NA,NA,24.681,27.0270967741935,30.7356666666667,32.3348387096774,31.1545161290323,29.9707380952381,NA,NA,NA,NA,9.563,15.1974193548387,17.4666666666667,21.9306451612903,20.7035483870968,19.3513095238095,NA,NA,NA,NA,444.774,379.530967741936,418.984,331.722258064516,379.018387096774,352.875761904762,NA,NA,NA,NA,80.02,336.475,401.765,490.925,467.485,207.4775,NA,NA,NA,NA
2022,"NEH1",NA,80.94,117.48,62.61,19.05,34.07,0,NA,NA,NA,NA,26.0090909090909,30.3803333333333,31.4683870967742,32.1664516129032,29.0103333333333,24.854,NA,NA,NA,NA,12.2627272727273,16.8436666666667,18.8964516129032,17.378064516129,12.8146666666667,6.597,NA,NA,NA,NA,416.843636363636,396.533333333333,385.77935483871,398.366451612903,359.089666666667,348.871,NA,NA,NA,NA,203.375,385.345,438.08,414.985,317.845,75.505,NA,NA,NA
2022,"NEH2",NA,27.62,25.69,116.84,24.23,34.87,11.705,NA,NA,NA,NA,23.969,31.0306666666667,32.9764516129032,32.9358064516129,29.0763333333333,25.0313333333333,NA,NA,NA,NA,7.469,13.5833333333333,17.0661290322581,15.1861290322581,10.1193333333333,8.6725,NA,NA,NA,NA,426.148,453.246666666667,378.791612903226,419.685483870968,363.133333333333,285.847333333333,NA,NA,NA,NA,140.25,333.855,407.715,380.49,282.445,41.785,NA,NA,NA
2022,"NEH3",NA,26.39,27.35,121.6,21.91,28.37,18.05,NA,NA,NA,NA,24.3325,31.3866666666667,33.3629032258064,33.1054838709677,29.34,21.5075615384615,NA,NA,NA,NA,7.586,13.8166666666667,17.2558064516129,15.3848387096774,10.1473333333333,2.43978461538462,NA,NA,NA,NA,428.2605,452.043333333333,380.148387096774,420.394838709677,368.532333333333,313.779138461538,NA,NA,NA,NA,144.2,341.625,413.715,384.605,285.49,149.2725,NA,NA,NA
2022,"NYH2",NA,75.82,91.04,53.5,122.86,149.68,20.02,2.89,NA,NA,NA,23.9845,24.357,27.8177419354839,27.331935483871,20.8603333333333,16.5845161290323,20.5214285714286,NA,NA,NA,11.403,12.545,15.2483870967742,15.6490322580645,11.8376666666667,4.09548387096774,8.42571428571429,NA,NA,NA,384.577,382.895,390.151612903226,349.833548387097,268.559,299.376451612903,212.837142857143,NA,NA,NA,162.985,257.35,353.515,353.815,206.615,105.83,39.65,NA,NA
2022,"NYH3",NA,75.82,91.04,53.5,122.86,149.68,20.02,2.89,NA,NA,NA,23.9845,24.357,27.8177419354839,27.331935483871,20.8603333333333,16.5845161290323,20.5214285714286,NA,NA,NA,11.403,12.545,15.2483870967742,15.6490322580645,11.8376666666667,4.09548387096774,8.42571428571429,NA,NA,NA,384.577,382.895,390.151612903226,349.833548387097,268.559,299.376451612903,212.837142857143,NA,NA,NA,162.985,257.35,353.515,353.815,206.615,105.83,39.65,NA,NA
2022,"OHH1",NA,NA,75.96,192.78,68.58,57.13,38.5,0,NA,NA,NA,NA,28.5762962962963,28.5467741935484,27.5654838709677,24.1516666666667,18.2409677419355,19.7411111111111,NA,NA,NA,NA,15.2866666666667,18.2509677419355,16.6922580645161,12.8956666666667,4.3758064516129,6.76222222222222,NA,NA,NA,NA,418.101481481481,328.830967741935,382.563548387097,344.214,302.183225806452,242.77,NA,NA,NA,NA,310.075,410.175,372.645,267.905,129.325,45.33,NA,NA
2022,"SCH1",0,72.97,24.57,51.31,71.93,135.85,0,NA,NA,NA,25.2866666666667,28.26,32.148,32.8809677419355,30.8787096774194,27.5973333333333,23.1466666666667,NA,NA,NA,8.43666666666667,15.4309677419355,19.3226666666667,21.7761290322581,20.6822580645161,15.9743333333333,10.8233333333333,NA,NA,NA,503.843333333333,389.713548387097,411.874666666667,371.550967741935,362.498387096774,378.604333333333,381.373333333333,NA,NA,NA,23.105,360.825,434.445,490.045,467.94,350.785,21.235,NA,NA,NA
2022,"TXH1",65.76,51.54,16.81,0,28.53,NA,NA,NA,NA,56.12,28.2446666666667,32.8258064516129,36.575,38.9935483870968,37.9647727272727,NA,NA,NA,NA,25.0361111111111,15.9963333333333,21.3390322580645,24.2193333333333,25.2825806451613,24.739696969697,NA,NA,NA,NA,9.49055555555556,379.752666666667,417.897741935484,417.379,435.309032258065,442.619419191919,NA,NA,NA,NA,418.186111111111,365.16,481.285,513.29,546.88,347.34,NA,NA,NA,NA,146.69
2022,"TXH2",65.76,51.54,16.81,0,0,NA,NA,NA,NA,56.12,28.2446666666667,32.8258064516129,36.575,38.9935483870968,38.3523529411765,NA,NA,NA,NA,25.0361111111111,15.9963333333333,21.3390322580645,24.2193333333333,25.2825806451613,24.7988235294118,NA,NA,NA,NA,9.49055555555556,379.752666666667,417.897741935484,417.379,435.309032258065,464.097058823529,NA,NA,NA,NA,418.186111111111,365.16,481.285,513.29,546.88,295.79,NA,NA,NA,NA,146.69
2022,"TXH3",65.76,51.54,16.81,0,47.89,NA,NA,NA,NA,NA,28.2948148148148,32.8258064516129,36.575,38.9935483870968,37.1092307692308,NA,NA,NA,NA,NA,16.5655555555556,21.3390322580645,24.2193333333333,25.2825806451613,24.5396153846154,NA,NA,NA,NA,NA,369.093703703704,417.897741935484,417.379,435.309032258065,418.373076923077,NA,NA,NA,NA,NA,336.34,481.285,513.29,546.88,449.015,NA,NA,NA,NA,NA
2022,"WIH1",NA,61.07,95.48,107.75,143.47,101.65,13.97,NA,NA,NA,NA,24.3847826086957,26.5356666666667,27.9948387096774,26.4570967741935,22.1583333333333,15.7747619047619,NA,NA,NA,NA,11.8739130434783,13.587,16.0706451612903,15.23,11.1476666666667,1.88571428571429,NA,NA,NA,NA,407.442173913043,405.002666666667,376.337096774194,350.315806451613,326.050666666667,298.63,NA,NA,NA,NA,194.95,293.445,369.51,334.755,221.335,66.9,NA,NA,NA
2022,"WIH2",NA,37.8,151.4,95.6,151.69,124.49,32.97,79.445,NA,NA,NA,22.89,26.2643333333333,27.9129032258065,26.3677419354839,22.0143333333333,16.1651612903226,8.66437192118227,NA,NA,NA,10.8155555555556,13.3633333333333,15.7638709677419,15.018064516129,10.965,2.46322580645161,-1.9990578817734,NA,NA,NA,390,385.240333333333,366.948064516129,344.05935483871,317.65,270.731935483871,168.911681034483,NA,NA,NA,69.075,287.68,362.9,329.92,217.44,105.39,40.33,NA,NA
2022,"WIH3",NA,62.08,117.59,98.66,140.29,100.93,30.61,0,NA,NA,NA,20.544375,25.3653333333333,27.3493548387097,25.8367741935484,21.4993333333333,15.3061290322581,21.89,NA,NA,NA,8.976875,12.3346666666667,14.7725806451613,14.2374193548387,10.004,2.04258064516129,0.03,NA,NA,NA,367.684375,400.619333333333,373.633548387097,339.912580645161,302.504,263.419677419355,286.48,NA,NA,NA,95.975,265.07,339.815,310.465,200.99,96.345,5.945,NA,NA
2023,"COH1",NA,5.63,137.69,104.46,71.56,12.68,19.41,1.08,NA,NA,NA,24.88125,24.7013333333333,30.4790322580645,29.9161290322581,27.5363333333333,19.0716129032258,20.76,NA,NA,NA,8.96625,11.0686666666667,13.6890322580645,13.2841935483871,9.17,1.68516129032258,0.442857142857143,NA,NA,NA,468.0125,410.975333333333,438.23935483871,399.874838709677,389.654,305.867741935484,302.438571428571,NA,NA,NA,60.225,238.955,341.36,335.375,268.315,155.98,37.66,NA,NA
2023,"DEH1",NA,79.11,76.4,210.73,86.86,144.39,0,NA,NA,NA,NA,23.1675,26.9466666666667,31.038064516129,29.23,27.7850714285714,25.72,NA,NA,NA,NA,12.1708333333333,16.2956666666667,21.6703225806452,20.2993548387097,17.4448571428571,14.67,NA,NA,NA,NA,404.829166666667,388.608333333333,345.325161290323,345.619677419355,325.604404761905,359.985,NA,NA,NA,NA,188.63,347.61,486.15,449.67,306.6375,20.39,NA,NA,NA
2023,"GAH1",81.23,75.99,198.12,96.26,58.7633333333333,NA,NA,NA,NA,0,25.7566666666667,28.1822580645161,31.2073333333333,33.6012903225806,34.5324702380952,NA,NA,NA,NA,26.21,12.1743333333333,15.8209677419355,19.4536666666667,22.6696774193548,22.916371031746,NA,NA,NA,NA,8.08,407.688,400.112580645161,396.706333333333,376.119677419355,389.65556547619,NA,NA,NA,NA,505.93,275.02,370.06,435.845,506.38,246.881666666667,NA,NA,NA,NA,16.21
2023,"GAH2",64.7,96.99,256.28,99.99,344.61,1.8,NA,NA,NA,NA,22.0514285714286,25.8996774193548,29.9276666666667,33.488064516129,33.1190322580645,29.8932685314685,NA,NA,NA,NA,10.9842857142857,14.6245161290323,17.8923333333333,21.3083870967742,21.0403225806452,17.09908997669,NA,NA,NA,NA,335.861428571429,391.694193548387,416.456333333333,385.794516129032,359.088709677419,392.086427972028,NA,NA,NA,NA,47.585,323.3,405.005,485.28,479.115,316.31,NA,NA,NA,NA
2023,"IAH1",NA,0,63.98,59.5,87.11,41.23,1.02,NA,NA,NA,NA,27.1916666666667,28.8943333333333,29.3932258064516,28.6722580645161,26.7203333333333,23.4744444444444,NA,NA,NA,NA,9.92166666666667,14.9653333333333,17.0829032258065,17.0490322580645,13.1276666666667,9.74888888888889,NA,NA,NA,NA,505.58,389.415333333333,394.068387096774,363.816774193548,337.408666666667,315.773333333333,NA,NA,NA,NA,106.725,349.285,396.87,384.485,292.1,68.64,NA,NA,NA
2023,"IAH2",NA,49.92,71.6,104.76,70.87,68.7,12.57,NA,NA,NA,NA,25.4335714285714,28.5243333333333,28.091935483871,28.7212903225806,26.75,26.558,NA,NA,NA,NA,10.8435714285714,15.215,15.8870967741935,16.3570967741935,11.8856666666667,14.542,NA,NA,NA,NA,417.467142857143,392.375666666667,389.269677419355,368.658387096774,341.868666666667,242.476,NA,NA,NA,NA,241.755,350.76,364.52,374.695,275.82,52.24,NA,NA,NA
2023,"IAH3",NA,19.18,81.5,56.4,50.16,44.03,42.53,NA,NA,NA,NA,25.7319047619048,28.42,28.8067741935484,28.928064516129,26.806,20.5193582887701,NA,NA,NA,NA,10.3585714285714,14.203,15.5496774193548,15.9041935483871,11.9673333333333,6.68994652406417,NA,NA,NA,NA,424.884285714286,372.211333333333,399.19,377.705806451613,339.751,282.91,NA,NA,NA,NA,178.175,337.205,368.215,370.965,280.94,79.385,NA,NA,NA
2023,"IAH4",NA,40.3466666666667,97.15,109.94,116.88,46.87,57.72,NA,NA,NA,NA,26.0997530864198,28.4076666666667,28.3229032258065,28.8935483870968,27.1613333333333,19.8887662337662,NA,NA,NA,NA,10.5783950617284,15.3076666666667,16.1512903225806,16.7012903225806,12.4523333333333,6.8913924963925,NA,NA,NA,NA,442.981037037037,378.007333333333,396.193548387097,371.700322580645,345.908666666667,271.068152958153,NA,NA,NA,NA,166.558333333333,351.975,371.97,383.045,286.535,114.698333333333,NA,NA,NA
2023,"ILH1",NA,54.06,49.67,66.65,101.61,76.18,0,NA,NA,NA,NA,26.1841379310345,28.712,29.4738709677419,28.3496774193548,26.6571666666667,30.28,NA,NA,NA,NA,11.5258620689655,14.6063333333333,17.6241935483871,16.8945161290323,13.1657564102564,13.14,NA,NA,NA,NA,436.437586206897,402.487333333333,397.366774193548,372.585806451613,357.068435897436,373.09,NA,NA,NA,NA,266.48,342.815,410.79,381.165,277.71,23.14,NA,NA,NA
2023,"INH1",NA,41.25,43.27,156.18,109.77,16.19,38.21,NA,NA,NA,NA,25.5510714285714,27.9673333333333,29.2909677419355,27.61,26.3596666666667,20.2664705882353,NA,NA,NA,NA,10.8625,13.88,17.1535483870968,16.4003225806452,12.6093333333333,7.97176470588235,NA,NA,NA,NA,438.279285714286,407.601,374.354516129032,358.945806451613,357.031,271.750588235294,NA,NA,NA,NA,242.15,322.45,400.6,366.045,286.58,95.04,NA,NA,NA
2023,"MIH1",NA,0,32.44,180.02,141.18,49.49,130.52,22.58,NA,NA,NA,25.66625,26.6353333333333,27.8451612903226,25.6664516129032,23.0823333333333,15.5083870967742,12.1565833333333,NA,NA,NA,7.27375,12.3813333333333,16.051935483871,14.2258064516129,11.988,6.78451612903226,0.473583333333333,NA,NA,NA,492.47,388.624666666667,360.819032258065,359.234516129032,315.159,210.078387096774,245.9085,NA,NA,NA,64.275,287.12,367.29,309.12,232.135,105.36,21.0125,NA,NA
2023,"MNH1",NA,18.1275,47.46,37.04,82.01,54.89,105.42,0,NA,NA,NA,27.76075,28.335,27.5138709677419,27.6832258064516,25.4233333333333,14.948064516129,10.9990029761905,NA,NA,NA,12.4271666666667,15.7456666666667,14.7529032258065,16.1429032258065,13.252,4.87096774193548,-1.70183035714286,NA,NA,NA,450.655166666667,384.486333333333,396.35064516129,351.04,311.29,224.953225806452,252.793318452381,NA,NA,NA,112.68,355.675,337.84,360.55,275.615,108.25,8.8225,NA,NA
2023,"MOH1",NA,0,74.18,118.35,197.67,13.69,73.24,0,NA,NA,NA,27.99875,30.662,32.0706451612903,29.6835483870968,28.3486666666667,20.538064516129,19.0886607142857,NA,NA,NA,13.20625,17.0526666666667,19.9422580645161,19.7990322580645,14.8016666666667,8.73838709677419,3.28785714285714,NA,NA,NA,491.08375,429.481333333333,367.93064516129,337.178387096774,375.013666666667,256.94,299.18875,NA,NA,NA,84.77,391.19,455.585,436.645,337.655,200.18,35.66,NA,NA
2023,"MOH2",NA,51.76,59.58,80.75,122.5,8.11,25.3466666666667,NA,NA,NA,NA,27.0195652173913,30.9493333333333,32.1561290322581,30.138064516129,28.8663333333333,23.148779956427,NA,NA,NA,NA,14.2147826086957,17.3983333333333,20.1938709677419,20.2061290322581,15.0636666666667,10.3775435729847,NA,NA,NA,NA,410.855217391304,424.127666666667,377.16935483871,339.38064516129,376.843666666667,277.858720043573,NA,NA,NA,NA,243.28,397.095,459.755,446.565,346.7,130.323333333333,NA,NA,NA
2023,"NCH1",97.63,84.26,90.57,114.97,137.11,21.828,NA,NA,NA,NA,23.875,24.5712903225806,28.877,32.4648387096774,31.8658064516129,29.8919694235589,NA,NA,NA,NA,10.6292857142857,12.9022580645161,16.6756666666667,21.7974193548387,20.7,16.6579325814536,NA,NA,NA,NA,371.421428571429,387.532903225806,415.208,365.015806451613,374.626129032258,402.864862280702,NA,NA,NA,NA,108.555,278.69,375.67,491.89,470.225,178.02,NA,NA,NA,NA
2023,"NEH1",NA,8.18,77.5,160.18,126.1,18.33,36.58,NA,NA,NA,NA,28.5475,31.1506666666667,29.6670967741935,30.7196774193548,29.2606666666667,22.3365217391304,NA,NA,NA,NA,11.64,15.8613333333333,17.981935483871,17.9009677419355,13.3853333333333,7.5404347826087,NA,NA,NA,NA,487.80125,429.401666666667,329.354838709677,387.180967741935,350.770333333333,275.36,NA,NA,NA,NA,163.55,379.35,409.08,413.1,323.455,152.255,NA,NA,NA
2023,"NEH3",NA,64.53,85.23,98.31,86.36,56.3,15.42,NA,NA,NA,NA,24.9271428571429,27.2903333333333,29.8590322580645,31.0603225806452,28.274,21.4286956521739,NA,NA,NA,NA,12.8128571428571,13.3453333333333,15.5196774193548,15.21,10.2483333333333,3.89173913043478,NA,NA,NA,NA,338.431428571429,411.427333333333,388.023548387097,395.816129032258,361.042666666667,303.135217391304,NA,NA,NA,NA,62.09,309.255,365.6,371.365,270.21,137.98,NA,NA,NA
2023,"NYH2",NA,8.41,158.9,120.57,105.55,58.66,79.72,10.25,NA,NA,NA,21.8025,23.4356666666667,27.2245161290323,24.1161290322581,22.2546666666667,16.368064516129,10.307,NA,NA,NA,6.1505,12.845,16.9864516129032,14.3709677419355,11.3826666666667,7.99548387096774,1.321,NA,NA,NA,481.6445,332.212666666667,356.39064516129,337.692580645161,329.020333333333,212.21,224.697,NA,NA,NA,121.475,250.235,374.005,286.55,220.425,115.225,6.745,NA,NA
2023,"NYH3",NA,8.41,158.9,120.57,105.55,58.66,79.72,10.25,NA,NA,NA,21.8025,23.4356666666667,27.2245161290323,24.1161290322581,22.2546666666667,16.368064516129,10.307,NA,NA,NA,6.1505,12.845,16.9864516129032,14.3709677419355,11.3826666666667,7.99548387096774,1.321,NA,NA,NA,481.6445,332.212666666667,356.39064516129,337.692580645161,329.020333333333,212.21,224.697,NA,NA,NA,121.475,250.235,374.005,286.55,220.425,115.225,6.745,NA,NA
2023,"OHH1",NA,0,90.88,143.43,116.69,15.48,67.14,38.61,NA,NA,NA,25.9055555555556,25.698,28.2425806451613,26.9038709677419,25.206,18.7809677419355,13.6081810344828,NA,NA,NA,11.2677777777778,13.8516666666667,17.7125806451613,15.8693548387097,12.7926666666667,7.37032258064516,0.199474137931034,NA,NA,NA,481.988888888889,373.462333333333,383.742258064516,376.075806451613,361.389333333333,257.658387096774,240.964931034483,NA,NA,NA,80.985,291.43,399.815,351.265,272.83,152.48,53.9475,NA,NA
2023,"SCH1",NA,78.55,178.61,49.77,147.85,63.29,NA,NA,NA,NA,NA,25.5026923076923,28.0933333333333,32.5887096774194,31.6483870967742,29.385,NA,NA,NA,NA,NA,15.1946153846154,16.7296666666667,20.6309677419355,20.5254838709677,17.521,NA,NA,NA,NA,NA,369.744230769231,415.643,406.836774193548,364.57935483871,369.1395,NA,NA,NA,NA,NA,268.745,367.76,473.835,467.025,261.815,NA,NA,NA,NA
2023,"TXH1",233.99,105.73,44.77,22.03,NA,NA,NA,NA,NA,30.74,25.0153333333333,29.8612903225806,35.0393333333333,37.4626923076923,NA,NA,NA,NA,NA,24.2377419354839,13.8826666666667,19.5009677419355,23.8223333333333,25.6696153846154,NA,NA,NA,NA,NA,12.3596774193548,398.130333333333,380.110967741935,394.691333333333,401.315769230769,NA,NA,NA,NA,NA,377.102580645161,283.09,443.43,507.255,463.705,NA,NA,NA,NA,NA,272.135
2023,"TXH2",233.99,105.73,44.77,22.03,NA,NA,NA,NA,NA,30.74,25.0153333333333,29.8612903225806,35.0393333333333,37.4075,NA,NA,NA,NA,NA,24.2377419354839,13.8826666666667,19.5009677419355,23.8223333333333,25.74,NA,NA,NA,NA,NA,12.3596774193548,398.130333333333,380.110967741935,394.691333333333,398.7025,NA,NA,NA,NA,NA,377.102580645161,283.09,443.43,507.255,428.88,NA,NA,NA,NA,NA,272.135
2023,"TXH3",117.11,105.73,44.77,22.03,0,NA,NA,NA,NA,NA,25.8594117647059,29.8612903225806,35.0393333333333,37.6596774193548,40.34,NA,NA,NA,NA,NA,13.8988235294118,19.5009677419355,23.8223333333333,25.5109677419355,25.9916666666667,NA,NA,NA,NA,NA,426.074705882353,380.110967741935,394.691333333333,408.683870967742,431.495555555556,NA,NA,NA,NA,NA,168.175,443.43,507.255,550.42,323.925,NA,NA,NA,NA,NA
2023,"WIH1",NA,21.34,20.13,190.1,70.7,89.45,71.34,NA,NA,NA,NA,23.5779310344828,27.584,28.3532258064516,27.5261290322581,24.324,17.4795833333333,NA,NA,NA,NA,8.20344827586207,12.631,15.4912903225806,15.2729032258065,12.7953333333333,5.77333333333333,NA,NA,NA,NA,449.954827586207,407.428666666667,370.118709677419,369.736451612903,290.949666666667,270.902083333333,NA,NA,NA,NA,204.01,303.82,363.305,347.99,259.31,97.675,NA,NA,NA
2023,"WIH2",NA,9.84,23.72,122.21,104.43,56.4,77.49,20.55,NA,NA,NA,24.2461904761905,27.4403333333333,28.2167741935484,27.2554838709677,24.381,15.6670967741935,9.12666666666667,NA,NA,NA,8.06952380952381,12.7166666666667,15.2103225806452,14.8487096774194,12.6596666666667,5.51354838709677,-2.37222222222222,NA,NA,NA,461.95,399.856,388.801612903226,369.882258064516,296.87,238.567741935484,206.495925925926,NA,NA,NA,154.805,302.455,356.57,338.3,259.84,115.94,26.37,NA,NA
2023,"WIH3",15.66,47.33,64.13,88.94,62.3,86.05,112.76,4.23,NA,NA,12.46,21.5783870967742,27.1983333333333,27.7861290322581,26.9090322580645,23.6006666666667,14.8412903225806,10.3257142857143,NA,NA,1.278,6.82612903225806,12.8866666666667,14.0083870967742,14.181935483871,12.1083333333333,4.84870967741935,-1.64571428571429,NA,NA,314.534,430.05,376.481333333333,390.132580645161,361.716129032258,286.780333333333,235.656451612903,226.641428571429,NA,NA,10.28,185.31,301.18,331.825,324.615,240.965,99.125,12.825,NA,NA
